Tab,Column,description_abstract,title,number of columns,data_type,creator,source,source date,source file,identifier,subject,subject.agrovoc,format,language,relation,coverage,coverage.country,rights
Observation,,,,16,,,"Kulakow, Peter",,,,Cassava,,csv,English,,,,CC-BY 4.0
Agronomic Trait,CO_334:0000103 anthocyanin pigmentation visual rating 0-3,anthocyanin pigmentation visual rating 0-3,,,Numerical,,,,,,,,,,,,,
,CO_334:0002008 early bulking visual rating 0-3,early bulking visual rating 0-3,,,Numerical,,,,,,,,,,,,,
,CO_334:0000108 female staminoids assessment 0&1, female staminoids assessment 0&1,,,Numerical,,,,,,,,,,,,,
,CO_334:0000307 fresh shoot weight measurement in kg per plant, fresh shoot weight measurement in kg per plant,,,,,,,,,,,,,,,,
, CO_334:0000016 fresh shoot weight measurement in kg per plot, fresh shoot weight measurement in kg per plot,,,,,,,,,,,,,,,,
, CO_334:0000112 fruit exocarp texture assessment 1-7,  fruit exocarp texture assessment 1-7,,,Numerical,,,,,,,,,,,,,
,CO_334:0000110 fruit set visual rating 0&1, fruit set visual rating 0&1,,,Numerical,,,,,,,,,,,,,
,CO_334:0000015 harvest index variable, harvest index variable,,,text,,,,,,,,,,,,,
, CO_334:0002007 in-ground storability visual rating 0-3, in-ground storability visual rating 0-3,,,Numerical,,,,,,,,,,,,,
,CO_334:0000220 initial plant vigor assessment 1-5, initial plant vigor assessment 1-5,,,Numerical,,,,,,,,,,,,,
,CO_334:0000009 initial vigor assessment 1-7, initial vigor assessment 1-7,,,Numerical,,,,,,,,,,,,,
,CO_334:0000134 leaf weight measurement in kg, leaf weight measurement in kg,,,,,,,,,,,,,,,,
, CO_334:0000301 lodged plants estimation 1-3, lodged plants estimation 1-3,,,Numerical,,,,,,,,,,,,,
,CO_334:0000094 proportion lodged plants in percentage, proportion lodged plants in percentage,,,,,,,,,,,,,,,,
, CO_334:0000107 male sterile visual rating 0&1, male sterile visual rating 0&1,,,Numerical,,,,,,,,,,,,,
, CO_334:0000169 marketable root number counting, marketable root number counting,,,,,,,,,,,,,,,,
, CO_334:0000131 marketable root weight measurement in kg, marketable root weight measurement in kg,,,,,,,,,,,,,,,,
,CO_334:0000168 non marketable root number counting, non marketable root number counting,,,Numerical,,,,,,,,,,,,,
, CO_334:0000132 non marketable root weight measurement in kg,non marketable root weight measurement in kg,,,Numerical,,,,,,,,,,,,,
,CO_334:0000300 number of planted stakes per plant counting,CO_334:0000300 number of planted stakes per plant counting,,,Numerical,,,,,,,,,,,,,
, CO_334:0000159 number of planted stakes per plot counting, number of planted stakes per plot counting,,,Numerical,,,,,,,,,,,,,
, CO_334:0000133 stem rot counting per plot, stem rot counting per plot,,,Numerical,,,,,,,,,,,,,
, CO_334:0000167 number of seed sown counting, number of seed sown counting,,,Numerical,,,,,,,,,,,,,
, CO_334:0000250 number of stakes counting, number of stakes counting,,,Numerical,,,,,,,,,,,,,
, CO_334:0002006 peel thickness measurement in cm, peel thickness measurement in cm,,,Numerical,,,,,,,,,,,,,
, CO_334:0000018 plant height measurement in cm, plant height measurement in cm,,,Numerical,,,,,,,,,,,,,
, CO_334:0002001 number of plants with rotten roots counting,number of plants with rotten roots counting,,,Numerical,,,,,,,,,,,,,
,CO_334:0000010 plant stands harvested counting, plant stands harvested counting,,,Numerical,,,,,,,,,,,,,
, CO_334:0000126 plantable stem assessment, plantable stem assessment,,,Text,,,,,,,,,,,,,
, CO_334:0000228 root evaluation scaled 1-5, root evaluation scaled 1-5,,,Numerical,,,,,,,,,,,,,
, CO_334:0000226 root length evaluation scaled 1-3, root length evaluation scaled 1-3,,,Numerical,,,,,,,,,,,,,
, CO_334:0000011 root number counting, root number counting,,,Numerical,,,,,,,,,,,,,
, CO_334:0000014 dry yield, dry yield,,,Text,,,,,,,,,,,,,
, CO_334:0000013 fresh root yield, fresh root yield,,,Text,,,,,,,,,,,,,
, CO_334:0000230 plant yield, plant yield,,,Text,,,,,,,,,,,,,
, CO_334:0000017 top yield,top yield,,,Text,,,,,,,,,,,,,
, CO_334:0000231 yield per year, yield per year,,,Numerical,,,,,,,,,,,,,
, CO_334:0002011 yield visual rating 1-3,  yield visual rating 1-4,,,Numerical,,,,,,,,,,,,,
,CO_334:0000229 rotten root percentage, rotten root percentage,,,Numerical,,,,,,,,,,,,,
, CO_334:0000166 germination count,germination count,,,Numerical,,,,,,,,,,,,,
, CO_334:0000232 selected variety boolean 0&1, selected variety boolean 0&1,,,Numerical,,,,,,,,,,,,,
, CO_334:0000270 compactness of shoot apices visual 1-3,compactness of shoot apices visual 1-3,,,Numerical,,,,,,,,,,,,,
, CO_334:0000269 size of shoot apices assessment 1-3, size of shoot apices assessment 1-3,,,Numerical,,,,,,,,,,,,,
, CO_334:0000216 sprout count at nine-month, sprout count at nine-month,,,Numerical,,,,,,,,,,,,,
, CO_334:0000213 sprout count at one-month, sprout count at one-month,,,Numerical,,,,,,,,,,,,,
,CO_334:0000215 sprout count at six-month, sprout count at six-month,,,Numerical,,,,,,,,,,,,,
,CO_334:0000214 sprout count at three-month, sprout count at three-month,,,Numerical,,,,,,,,,,,,,
,CO_334:0000217 sprout count at twelve-month, sprout count at twelve-month,,,Numerical,,,,,,,,,,,,,
, CO_334:0000138 sprout count discrete counting, sprout count discrete counting,,,Numerical,,,,,,,,,,,,,
,CO_334:0000008 sprouting proportion, sprouting proportion,,,Numerical,,,,,,,,,,,,,
, CO_334:0000227 stalk length evaluation,stalk length evaluation,,,Numerical,,,,,,,,,,,,,
, CO_334:0000128 average stem length,average stem length,,,Numerical,,,,,,,,,,,,,
,CO_334:0000123 plant height with leaf in cm,plant height with leaf in cm,,,Numerical,,,,,,,,,,,,,
, CO_334:0000125 plant height without leaf, plant height without leaf,,,Numerical,,,,,,,,,,,,,
, CO_334:0000129 stem number counting, stem number counting,,,Numerical,,,,,,,,,,,,,
,CO_334:0000257 stem diameter measurement in cm, stem diameter measurement in cm,,,Numerical,,,,,,,,,,,,,
,CO_334:0000127 stem weight measurement in kg, stem weight measurement in kg,,,Numerical,,,,,,,,,,,,,
,CO_334:0000171 stem yield estimation, stem yield estimation,,,Numerical,,,,,,,,,,,,,
,CO_334:0000265 stipule margin visual observation 1&2,stipule margin visual observation 1&2,,,Numerical,,,,,,,,,,,,,
,CO_334:0000100 stipule length visual rating 1-7, stipule length visual rating 1-7,,,Numerical,,,,,,,,,,,,,
,CO_334:0000170 stock weight measurement in kg, stock weight measurement in kg,,,Numerical,,,,,,,,,,,,,
, CO_334:0000135 stump weight measurement in kg, stump weight measurement in kg,,,Numerical,,,,,,,,,,,,,
,CO_334:0000120 suitability for intercropping visual rating 0&1, suitability for intercropping visual rating 0&1,,,Numerical,,,,,,,,,,,,,
,CO_334:0000130 tip shoot weight measurement in kg, tip shoot weight measurement in kg,,,Numerical,,,,,,,,,,,,,
,CO_334:0000326 total fresh weight by plant,total fresh weight by plant,,,Numerical,,,,,,,,,,,,,
, CO_334:0000325 total fresh weight by plot,total fresh weight by plot,,,Numerical,,,,,,,,,,,,,
,CO_334:0002009 weed tolerance visual rating 0-3,weed tolerance visual rating 0-3,,,Numerical,,,,,,,,,,,,,
, CO_334:0000160 dry matter content by specific gravity method, dry matter content by specific gravity method,,,Numerical,,,,,,,,,,,,,
,CO_334:0000092 dry matter content percentage,dry matter content percentage,,,Numerical,,,,,,,,,,,,,
, CO_334:0002008 early bulking visual rating 0-3, early bulking visual rating 0-4,,,Numerical,,,,,,,,,,,,,
, CO_334:0001026 Farmer preference trait,Farmer preference trait,,,Numerical,,,,,,,,,,,,,
, CO_334:0000067 fibre content estimation in percentage,fibre content estimation in percentage,,,Numerical,,,,,,,,,,,,,
, CO_334:0000013 fresh root yield, fresh root yield,,,Numerical,,,,,,,,,,,,,
, CO_334:0002007 in-ground storability visual rating 0-3, in-ground storability visual rating 0-4,,,Numerical,,,,,,,,,,,,,
, CO_334:0000220 initial plant vigor assessment 1-5, initial plant vigor assessment 1-6,,,Numerical,,,,,,,,,,,,,
, CO_334:0000009 initial vigor assessment 1-7, initial vigor assessment 1-8,,,Numerical,,,,,,,,,,,,,
, CO_334:0000264 plant shape visual assessment 1-4,plant shape visual assessment 1-5,,,Numerical,,,,,,,,,,,,,
, CO_334:0000074 poundability assessment 0-4, poundability assessment 0-5,,,Numerical,,,,,,,,,,,,,
, CO_334:0000019 storage root size visual rating 1-7,  storage root size visual rating 1-8,,,Numerical,,,,,,,,,,,,,
, CO_334:0000085 taste of boiled root rating 1-3, taste of boiled root rating 1-4,,,Numerical,,,,,,,,,,,,,
, CO_334:0000282 Apical branching, Apical branching,,,Text,,,,,,,,,,,,,
,CO_334:0000283 Apical pubescence, Apical pubescence,,,Text,,,,,,,,,,,,,
,CO_334:0002039 Canopy width, Canopy width,,,Numerical,,,,,,,,,,,,,
, CO_334:0000360 Disc color,  Disc color,,,Text,,,,,,,,,,,,,
,CO_334:0000336 Flower and flowering morphological trait, Flower and flowering morphological trait,,,Text,,,,,,,,,,,,,
, CO_334:0000337 Fruit morphological trait, Fruit morphological trait,,,Text,,,,,,,,,,,,,
, CO_334:0000382 Hairiness, Hairiness,,,Text,,,,,,,,,,,,,
, CO_334:0000330 Leaf morphological trait, Leaf morphological trait,,,Text,,,,,,,,,,,,,
, CO_334:0000431 Plant architecture, Plant architecture,,,Text,,,,,,,,,,,,,
, CO_334:0000329 Plant branch morphological trait, Plant branch morphological trait,,,Text,,,,,,,,,,,,,
, CO_334:0000433 Plant shape, Plant shape,,,Text,,,,,,,,,,,,,
,CO_334:0000436 Ploidy,Ploidy,,,Text,,,,,,,,,,,,,
, CO_334:0000333 Root morphological trait, Root morphological trait,,,Text,,,,,,,,,,,,,
, CO_334:0000459 Seed color, Seed color,,,Text,,,,,,,,,,,,,
,CO_334:0000338 Stem m, Stem morphological trait,,,Text,,,,,,,,,,,,,
, CO_334:0000276 Abscisic acid content, Abscisic acid content,,,Text,,,,,,,,,,,,,
, CO_334:0000390 Leaf life span, Leaf life span,,,Text,,,,,,,,,,,,,
, CO_334:0000396 Leaf retention,  Leaf retention,,,Text,,,,,,,,,,,,,
, CO_334:0000277 Amylopectin content, Amylopectin content,,,Numerical,,,,,,,,,,,,,
,CO_334:0000278 Amylose amylopectin ratio, Amylose amylopectin ratio,,,Numerical,,,,,,,,,,,,,
, CO_334:0000279 Amylose content,Amylose content,,,Numerical,,,,,,,,,,,,,
, CO_334:0000284 Ascorbic acid, Ascorbic acid,,,Numerical,,,,,,,,,,,,,
, CO_334:0000285 Ash content,  Ash content,,,Numerical,,,,,,,,,,,,,
, CO_334:0002052 Attieke smell, Attieke smell,,,Numerical,,,,,,,,,,,,,
, CO_334:0000287 B crypto activity, B crypto activity,,,Numerical,,,,,,,,,,,,,
, CO_334:0000291 Beta carotene,Beta carotene,,,Numerical,,,,,,,,,,,,,
,CO_334:0000292 Beta carotenoid retention, Beta carotenoid retention,,,Numerical,,,,,,,,,,,,,
,CO_334:0000297 Carotenoid content,Carotenoid content,,,Numerical,,,,,,,,,,,,,
,CO_334:0000354 Cis 9 activity, Cis 9 activity,,,Text,,,,,,,,,,,,,
,CO_334:0000355 Color of boiled storage roots, Color of boiled storage roots,,,Numerical,,,,,,,,,,,,,
,CO_334:0002049 Cooking quality, Cooking quality,,,Numerical,,,,,,,,,,,,,
,CO_334:0000447 Dry matter content, Dry matter content,,,Numerical,,,,,,,,,,,,,
, CO_334:0000366 Fibre content, Fibre content,,,Numerical,,,,,,,,,,,,,
,CO_334:0000373 Fufu content, Fufu content,,,Numerical,,,,,,,,,,,,,
,CO_334:0002051 Fufu smell, Fufu smell,,,Text,,,,,,,,,,,,,
,CO_334:0000374 Gari content, Gari content,,,Numerical,,,,,,,,,,,,,
, CO_334:0000378 Gari fibre, Gari fibre,,,Numerical,,,,,,,,,,,,,
, CO_334:0000379 Gari sampled weight, Gari sampled weight,,,Numerical,,,,,,,,,,,,,
, CO_334:0000375 Gari shaft weight, Gari shaft weight,,,Numerical,,,,,,,,,,,,,
, CO_334:0000380 Gari starch,Gari starch,,,Numerical,,,,,,,,,,,,,
, CO_334:0000497 Gari swelling capacity, Gari swelling capacity,,,Numerical,,,,,,,,,,,,,
, CO_334:0000381 Gari taste, Gari taste,,,Text,,,,,,,,,,,,,
, CO_334:0000376 Gari weight after drying,  Gari weight after drying,,,Numerical,,,,,,,,,,,,,
,CO_334:0000377 Gari weight after grinding, Gari weight after grinding,,,Numerical,,,,,,,,,,,,,
, CO_334:0000387 Iron content, Iron content,,,Numerical,,,,,,,,,,,,,
, CO_334:0000388 Lafun content, Lafun content,,,Numerical,,,,,,,,,,,,,
,CO_334:0002047 Leaf edibility, Leaf edibility,,,Numerical,,,,,,,,,,,,,
,CO_334:0000407 Moisture content, Moisture content,,,Numerical,,,,,,,,,,,,,
,CO_334:0000266 Post-harvest physiological deterioration,Post-harvest physiological deterioration,,,Numerical,,,,,,,,,,,,,
, CO_334:0000437 Poundability, Poundability,,,Numerical,,,,,,,,,,,,,
, CO_334:0000442 Protein content,Protein content,,,Numerical,,,,,,,,,,,,,
, CO_334:0001012 Softness of boiled cassava roots, Softness of boiled cassava roots,,,Numerical,,,,,,,,,,,,,
,CO_334:0000317 Starch properties, Starch properties,,,Numerical,,,,,,,,,,,,,
, CO_334:0000502 Storage root cyanide content, Storage root cyanide content,,,Numerical,,,,,,,,,,,,,
,CO_334:0000495 Sugar content,Sugar content,,,Numerical,,,,,,,,,,,,,
,CO_334:0000498 Taste of boiled roots,Taste of boiled roots,,,Numerical,,,,,,,,,,,,,
, CO_334:0000500 Total carotenoid retention,Total carotenoid retention,,,Numerical,,,,,,,,,,,,,
, CO_334:0000501 Trans-9 activity, Trans-9 activity,,,Numerical,,,,,,,,,,,,,
, CO_334:0000504 Weight of mashed cassava cake,Weight of mashed cassava cake,,,Numerical,,,,,,,,,,,,,
, CO_334:0000507 Zinc content, Zinc content,,,Numerical,,,,,,,,,,,,,
,CO_334:0002031 Plant height per plot, Plant height per plot,,,Numerical,,,,,,,,,,,,,
,CO_334:0002030 Plot volume, Plot volume,,,Numerical,,,,,,,,,,,,,
, CO_334:0002034 Weibull scale trait, Weibull scale trait,,,Text,,,,,,,,,,,,,
,CO_334:0002035 Weibull shape trait,Weibull shape trait,,,Text,,,,,,,,,,,,,
, CO_334:0000006 abiotic stress trait,abiotic stress trait,,,Text,,,,,,,,,,,,,
,CO_334:0000007 biotic stress trait, biotic stress trait,,,Text,,,,,,,,,,,,,
Bilogical Process, GO:0051825 adhesion to other organism involved in symbiotic interaction, adhesion to other organism involved in symbiotic interaction,,,Text,,,,,,,,,,,,,
, GO:0007155 cell adhesion, cell adhesion,,,Text,,,,,,,,,,,,,
,GO:0022608 multicellular organism adhesion, multicellular organism adhesion,,,Text,,,,,,,,,,,,,
, GO:0050789 regulation of biological process, regulation of biological process,,,Text,,,,,,,,,,,,,
,GO:0065008 regulation of biological quality, regulation of biological quality,,,Text,,,,,,,,,,,,,
,GO:0065009 regulation of molecular function, regulation of molecular function,,,Text,,,,,,,,,,,,,
,GO:0043610 regulation of carbohydrate utilization, regulation of carbohydrate utilization,,,Numerical,,,,,,,,,,,,,
,GO:0043609 regulation of carbon utilization,regulation of carbon utilization,,,Numerical,,,,,,,,,,,,,
,GO:0031640 killing of cells of other organism,killing of cells of other organism,,,Text,,,,,,,,,,,,,
, GO:0001909 leukocyte mediated cytotoxicity,leukocyte mediated cytotoxicity,,,Numerical,,,,,,,,,,,,,
, GO:0031342 negative regulation of cell killing, negative regulation of cell killing,,,Numerical,,,,,,,,,,,,,
, GO:0031343 positive regulation of cell killing, positive regulation of cell killing,,,Numerical,,,,,,,,,,,,,
, GO:0031341 regulation of cell killing, regulation of cell killing,,,Numerical,,,,,,,,,,,,,
,GO:0003263 cardioblast proliferation,cardioblast proliferation,,,Text,,,,,,,,,,,,,
, GO:0071838 cell proliferation in bone marrow,cell proliferation in bone marrow,,,Text,,,,,,,,,,,,,
, GO:0003295 cell proliferation involved in atrial ventricular junction remodeling, cell proliferation involved in atrial ventricular junction remodeling,,,Text,,,,,,,,,,,,,
,GO:0035736 cell proliferation involved in compound eye morphogenesis,cell proliferation involved in compound eye morphogenesis,,,Text,,,,,,,,,,,,,
,GO:0060722 cell proliferation involved in embryonic placenta development,cell proliferation involved in embryonic placenta development,,,Text,,,,,,,,,,,,,
, GO:0061323 cell proliferation involved in heart morphogenesis,cell proliferation involved in heart morphogenesis,,,Text,,,,,,,,,,,,,
, GO:2000793 cell proliferation involved in heart valve development, cell proliferation involved in heart valve development,,,Text,,,,,,,,,,,,,
,GO:0090255 cell proliferation involved in imaginal disc-derived wing morphogenesis,cell proliferation involved in imaginal disc-derived wing morphogenesis,,,Text,,,,,,,,,,,,,
,GO:0072111 cell proliferation involved in kidney development,cell proliferation involved in kidney development,,,Text,,,,,,,,,,,,,
, GO:0035988 chondrocyte proliferation,chondrocyte proliferation,,,Text,,,,,,,,,,,,,
, GO:0035726 common myeloid progenitor cell proliferation,common myeloid progenitor cell proliferation,,,Text,,,,,,,,,,,,,
, GO:0050673 epithelial cell proliferation,epithelial cell proliferation,,,Text,,,,,,,,,,,,,
, GO:0070341 fat cell proliferation, fat cell proliferation,,,Text,,,,,,,,,,,,,
, GO:0048144 fibroblast proliferation, fibroblast proliferation,,,Text,,,,,,,,,,,,,
,GO:0048134 germ-line cyst formation, germ-line cyst formation,,,Text,,,,,,,,,,,,,
,GO:0014009 glial cell proliferation, glial cell proliferation,,,Text,,,,,,,,,,,,,
,GO:0003419 growth plate cartilage chondrocyte proliferation, growth plate cartilage chondrocyte proliferation,,,Text,,,,,,,,,,,,,
,GO:0071335 hair follicle cell proliferation,hair follicle cell proliferation,,,Text,,,,,,,,,,,,,
,GO:0035172 hemocyte proliferation, hemocyte proliferation,,,Text,,,,,,,,,,,,,
, GO:0071425 hemopoietic stem cell proliferation, hemopoietic stem cell proliferation,,,Text,,,,,,,,,,,,,
,GO:0001833 inner cell mass cell proliferation, inner cell mass cell proliferation,,,Text,,,,,,,,,,,,,
, GO:0043616 keratinocyte proliferation, keratinocyte proliferation,,,Text,,,,,,,,,,,,,
, GO:0070661 leukocyte proliferation, leukocyte proliferation,,,Text,,,,,,,,,,,,,
, GO:0002176 male germ cell proliferation,male germ cell proliferation,,,Text,,,,,,,,,,,,,
,GO:0002174 mammary stem cell proliferation, mammary stem cell proliferation,,,Text,,,,,,,,,,,,,
,GO:0010463 mesenchymal cell proliferation, mesenchymal cell proliferation,,,Text,,,,,,,,,,,,,
, GO:0033002 muscle cell proliferation, muscle cell proliferation,,,Text,,,,,,,,,,,,,
, GO:0051450 myoblast proliferation,myoblast proliferation,,,Text,,,,,,,,,,,,,
,GO:0008285 negative regulation of cell proliferation,negative regulation of cell proliferation,,,Text,,,,,,,,,,,,,
,GO:0061351 neural precursor cell proliferation, neural precursor cell proliferation,,,Text,,,,,,,,,,,,,
,GO:0033687 osteoblast proliferation,osteoblast proliferation,,,Text,,,,,,,,,,,,,
, GO:0072343 pancreatic stellate cell proliferation, pancreatic stellate cell proliferation,,,Text,,,,,,,,,,,,,
, GO:0008284 positive regulation of cell proliferation,positive regulation of cell proliferation,,,Text,,,,,,,,,,,,,
,GO:0042127 regulation of cell proliferation, regulation of cell proliferation,,,Text,,,,,,,,,,,,,
, GO:0014841 satellite cell proliferation, satellite cell proliferation,,,Text,,,,,,,,,,,,,
,GO:0060011 Sertoli cell proliferation,Sertoli cell proliferation,,,Text,,,,,,,,,,,,,
, GO:0072089 stem cell proliferation,stem cell proliferation,,,Text,,,,,,,,,,,,,
,GO:0001834 trophectodermal cell proliferation, trophectodermal cell proliferation,,,Text,,,,,,,,,,,,,
, GO:0044342 type B pancreatic cell proliferation,type B pancreatic cell proliferation,,,Text,,,,,,,,,,,,,
,GO:0071554 cell wall organization or biogenesis,cell wall organization or biogenesis,,,Text,,,,,,,,,,,,,
,GO:0044085 cellular component biogenesis,cellular component biogenesis,,,Text,,,,,,,,,,,,,
, GO:0016043 cellular component organization, cellular component organization,,,Text,,,,,,,,,,,,,
,GO:0071841 cellular component organization or biogenesis at cellular level, cellular component organization or biogenesis at cellular level,,,Text,,,,,,,,,,,,,
, GO:0030029 actin filament-based process,actin filament-based process,,,Text,,,,,,,,,,,,,
,GO:0001775 cell activation,cell activation,,,Text,,,,,,,,,,,,,
,GO:0007155 cell adhesion,cell adhesion,,,Text,,,,,,,,,,,,,
, GO:0060352 cell adhesion molecule production,ell adhesion molecule production,,,Text,,,,,,,,,,,,,
,GO:0007569 cell aging, cell aging,,,Text,,,,,,,,,,,,,
,GO:0007154 cell communication,cell communication,,,Text,,,,,,,,,,,,,
, GO:0035212 cell competition in a multicellular organism, cell competition in a multicellular organism,,,Text,,,,,,,,,,,,,
, GO:0007049 cell cycle, cell cycle,,,Text,,,,,,,,,,,,,
,GO:0022402 cell cycle process,cell cycle process,,,Text,,,,,,,,,,,,,
, GO:0008219 cell death, cell death,,,Text,,,,,,,,,,,,,
, GO:0051301 cell division, cell division,,,Text,,,,,,,,,,,,,
, GO:0016049 cell growth,cell growth,,,Text,,,,,,,,,,,,,
,GO:0034330 cell junction organization, cell junction organization,,,Text,,,,,,,,,,,,,
,GO:0008037 cell recognition,cell recognition,,,Text,,,,,,,,,,,,,
,GO:0006928 cellular component movement,cellular component movement,,,Text,,,,,,,,,,,,,
, GO:0071841 cellular component organization or biogenesis at cellular level, cellular component organization or biogenesis at cellular level,,,Text,,,,,,,,,,,,,
, GO:0048869 cellular developmental process, cellular developmental process,,,Text,,,,,,,,,,,,,
, GO:0019725 cellular homeostasis,cellular homeostasis,,,Text,,,,,,,,,,,,,
,GO:0051641 cellular localization,cellular localization,,,Text,,,,,,,,,,,,,
, GO:0016044 cellular membrane organization, cellular membrane organization,,,Text,,,,,,,,,,,,,
, GO:0044237 cellular metabolic process, cellular metabolic process,,,Text,,,,,,,,,,,,,
, GO:0033059 cellular pigmentation, cellular pigmentation,,,Text,,,,,,,,,,,,,
,GO:0071804 cellular potassium ion transport,cellular potassium ion transport,,,Text,,,,,,,,,,,,,
,GO:0048610 cellular process involved in reproduction,cellular process involved in reproduction,,,Text,,,,,,,,,,,,,
,GO:0051716 cellular response to stimulus, cellular response to stimulus,,,Text,,,,,,,,,,,,,
,GO:0007059 chromosome segregation, chromosome segregation,,,Text,,,,,,,,,,,,,
,GO:0060242 contact inhibition, contact inhibition,,,Text,,,,,,,,,,,,,
,GO:0000910 cytokinesis,cytokinesis,,,Text,,,,,,,,,,,,,
,GO:0032506 cytokinetic process,cytokinetic process,,,Text,,,,,,,,,,,,,
,GO:0007272 ensheathment of neurons, ensheathment of neurons,,,Text,,,,,,,,,,,,,
, GO:0007163 establishment or maintenance of cell polarity,establishment or maintenance of cell polarity,,,Text,,,,,,,,,,,,,
,GO:0016458 gene silencing,gene silencing,,,Text,,,,,,,,,,,,,
,GO:0003001 generation of a signal involved in cell-cell signaling, generation of a signal involved in cell-cell signaling,,,Text,,,,,,,,,,,,,
,GO:0060144 host cellular processes involved in virus induced gene silencing, host cellular processes involved in virus induced gene silencing,,,Text,,,,,,,,,,,,,
, GO:0010496 intercellular transport,intercellular transport,,,Text,,,,,,,,,,,,,
,GO:0045103 intermediate filament-based process, intermediate filament-based process,,,Text,,,,,,,,,,,,,
,GO:0016037 light absorption, light absorption,,,Text,,,,,,,,,,,,,
,GO:0035633 maintenance of blood-brain barrier, maintenance of blood-brain barrier,,,Text,,,,,,,,,,,,,
,GO:0051651 maintenance of location in cell,maintenance of location in cell,,,Text,,,,,,,,,,,,,
,GO:0022406 membrane docking, membrane docking,,,Text,,,,,,,,,,,,,
,GO:0007017 microtubule-based process, microtubule-based process,,,Text,,,,,,,,,,,,,
, GO:0048523 negative regulation of cellular process,negative regulation of cellular process,,,Text,,,,,,,,,,,,,
, GO:0006276 plasmid maintenance, plasmid maintenance,,,Text,,,,,,,,,,,,,
,GO:0048522 positive regulation of cellular process, positive regulation of cellular process,,,Text,,,,,,,,,,,,,
,GO:0050794 regulation of cellular process, regulation of cellular process,,,Text,,,,,,,,,,,,,
,GO:0032940 secretion by cell, secretion by cell,,,Text,,,,,,,,,,,,,
, GO:0035638 signal maturation,ignal maturation,,,Text,,,,,,,,,,,,,
, GO:0023061 signal release,signal release,,,Text,,,,,,,,,,,,,
, GO:0010118 stomatal movement,stomatal movement,,,Text,,,,,,,,,,,,,
,GO:0006949 syncytium formation, syncytium formation,,,Text,,,,,,,,,,,,,
, GO:0006413 translational initiation, translational initiation,,,Text,,,,,,,,,,,,,
,GO:0055085 transmembrane transport, transmembrane transport,,,Text,,,,,,,,,,,,,
,GO:0032196 transposition,transposition,,,Text,,,,,,,,,,,,,
, GO:0072690 vegetative growth of a single-celled organism, vegetative growth of a single-celled organism,,,Text,,,,,,,,,,,,,
,GO:0006903 vesicle targeting, vesicle targeting,,,Text,,,,,,,,,,,,,
, GO:0016192 vesicle-mediated transport,vesicle-mediated transport,,,Text,,,,,,,,,,,,,
, GO:0008219 cell death,cell death,,,Text,,,,,,,,,,,,,
,GO:0016271 tissue death,tissue death,,,Text,,,,,,,,,,,,,
,GO:0009838 abscission, abscission,,,Text,,,,,,,,,,,,,
, GO:0035982 age-dependent behavioral decline,age-dependent behavioral decline,,,Text,,,,,,,,,,,,,
, GO:0007571 age-dependent general metabolic decline, age-dependent general metabolic decline,,,Text,,,,,,,,,,,,,
,GO:0007568 aging,aging,,,Text,,,,,,,,,,,,,
, GO:0048532 anatomical structure arrangement,anatomical structure arrangement,,,Text,,,,,,,,,,,,,
,GO:0048856 anatomical structure development,anatomical structure development,,,Text,,,,,,,,,,,,,
,GO:0048646 anatomical structure formation involved in morphogenesis, anatomical structure formation involved in morphogenesis,,,Text,,,,,,,,,,,,,
,GO:0009653 anatomical structure morphogenesis,anatomical structure morphogenesis,,,Text,,,,,,,,,,,,,
, GO:0060033 anatomical structure regression,anatomical structure regression,,,Text,,,,,,,,,,,,,
, GO:0048869 cellular developmental process, cellular developmental process,,,Text,,,,,,,,,,,,,
, GO:0043696 dedifferentiation,dedifferentiation,,,Text,,,,,,,,,,,,,
,GO:0044111 development involved in symbiotic interaction, development involved in symbiotic interaction,,,Text,,,,,,,,,,,,,
, GO:0048589 developmental growth,developmental growth,,,Text,,,,,,,,,,,,,
, GO:0021700 developmental maturation, developmental maturation,,,Text,,,,,,,,,,,,,
,GO:0048066 developmental pigmentation, developmental pigmentation,,,Text,,,,,,,,,,,,,
,GO:0003006 developmental process involved in reproduction, developmental process involved in reproduction,,,Text,,,,,,,,,,,,,
, GO:0022611 dormancy process, dormancy process,,,Text,,,,,,,,,,,,,
, GO:0009790 embryo development, embryo development,,,Text,,,,,,,,,,,,,
, GO:0060384 innervation,innervation,,,Text,,,,,,,,,,,,,
,GO:0031424 keratinization,keratinization,,,Text,,,,,,,,,,,,,
,GO:0009561 megagametogenesis,megagametogenesis,,,Text,,,,,,,,,,,,,
,GO:0010022 meristem determinacy, meristem determinacy,,,Text,,,,,,,,,,,,,
,GO:0010014 meristem initiation,meristem initiation,,,Text,,,,,,,,,,,,,
,GO:0010073 meristem maintenance,meristem maintenance,,,Text,,,,,,,,,,,,,
,GO:0055046 microgametogenesis, microgametogenesis,,,Text,,,,,,,,,,,,,
,GO:0022004 midbrain-hindbrain boundary maturation during brain development,midbrain-hindbrain boundary maturation during brain development,,,Text,,,,,,,,,,,,,
,GO:0022005 midbrain-hindbrain boundary maturation during neural plate development, midbrain-hindbrain boundary maturation during neural plate development,,,Text,,,,,,,,,,,,,
, GO:0007275 multicellular organismal development, multicellular organismal development,,,Text,,,,,,,,,,,,,
, GO:0016203 muscle attachment, muscle attachment,,,Text,,,,,,,,,,,,,
, GO:0051093 negative regulation of developmental process, negative regulation of developmental process,,,Text,,,,,,,,,,,,,
, GO:0071684 organism emergence from protective structure, organism emergence from protective structure,,,Text,,,,,,,,,,,,,
,GO:0035889 otolith tethering,otolith tethering,,,Text,,,,,,,,,,,,,
,GO:0007389 pattern specification process, pattern specification process,,,Text,,,,,,,,,,,,,
, GO:0048647 polyphenic determination, polyphenic determination,,,Text,,,,,,,,,,,,,
, GO:0051094 positive regulation of developmental process, positive regulation of developmental process,,,Text,,,,,,,,,,,,,
, GO:0009791 post-embryonic development, post-embryonic development,,,Text,,,,,,,,,,,,,
,GO:0030588 pseudocleavage, pseudocleavage,,,Text,,,,,,,,,,,,,
,GO:0035073 pupariation,pupariation,,,Text,,,,,,,,,,,,,
, GO:0035074 pupation,pupation,,,Text,,,,,,,,,,,,,
, GO:0050793 regulation of developmental process, regulation of developmental process,,,Text,,,,,,,,,,,,,
,GO:0009847 spore germination,spore germination,,,Text,,,,,,,,,,,,,
, GO:0043934 sporulation,sporulation,,,Text,,,,,,,,,,,,,
,GO:0019827 stem cell maintenance, stem cell maintenance,,,Text,,,,,,,,,,,,,
, GO:0051649 establishment of localization in cell,establishment of localization in cell,,,Text,,,,,,,,,,,,,
, GO:0051656 establishment of organelle localization, establishment of organelle localization,,,Text,,,,,,,,,,,,,
, GO:0045184 establishment of protein localization, establishment of protein localization,,,Text,,,,,,,,,,,,,
, GO:0051236 establishment of RNA localization, establishment of RNA localization,,,Text,,,,,,,,,,,,,
,GO:0006810 transport, transport,,,Text,,,,,,,,,,,,,
, GO:0007117 budding cell bud growth, budding cell bud growth,,,Text,,,,,,,,,,,,,
,GO:0055017 cardiac muscle tissue growth,cardiac muscle tissue growth,,,Text,,,,,,,,,,,,,
,GO:0016049 cell growth,cell growth,,,Text,,,,,,,,,,,,,
,GO:0048589 developmental growth,developmental growth,,,Text,,,,,,,,,,,,,
,G0:0030447 filamentous growth, filamentous growth,,,Text,,,,,,,,,,,,,
,GO:0044110 growth involved in symbiotic interaction, growth involved in symbiotic interaction,,,Text,,,,,,,,,,,,,
,GO:0035264 multicellular organism growth,multicellular organism growth,,,Text,,,,,,,,,,,,,
, GO:0045926 negative regulation of growth, negative regulation of growth,,,Text,,,,,,,,,,,,,
,GO:0035265 organ growth, organ growth,,,Text,,,,,,,,,,,,,
, GO:0045927 positive regulation of growth,positive regulation of growth,,,Text,,,,,,,,,,,,,
, GO:0040008 regulation of growth,regulation of growth,,,Text,,,,,,,,,,,,,
,GO:0080117 secondary growth, secondary growth,,,Text,,,,,,,,,,,,,
, GO:0002253 activation of immune response,activation of immune response,,,Text,,,,,,,,,,,,,
, GO:0019882 antigen processing and presentation, antigen processing and presentation,,,Text,,,,,,,,,,,,,
, GO:0002404 antigen sampling in mucosal-associated lymphoid tissue, antigen sampling in mucosal-associated lymphoid tissue,,,Text,,,,,,,,,,,,,
,GO:0002339 B cell selection,B cell selection,,,Text,,,,,,,,,,,,,
,GO:0042386 hemocyte differentiation, hemocyte differentiation,,,Text,,,,,,,,,,,,,
,GO:0035172 hemocyte proliferation, hemocyte proliferation,,,Text,,,,,,,,,,,,,
, GO:0002252 immune effector process, immune effector process,,,Text,,,,,,,,,,,,,
,GO:0006955 immune response,immune response,,,Text,,,,,,,,,,,,,
, GO:0002520 immune system development,immune system development,,,Text,,,,,,,,,,,,,
,GO:0045321 leukocyte activation,leukocyte activation,,,Text,,,,,,,,,,,,,
, GO:0001776 leukocyte homeostasis, leukocyte homeostasis,,,Text,,,,,,,,,,,,,
,GO:0050900 leukocyte migration, leukocyte migration,,,Text,,,,,,,,,,,,,
,GO:0031294 lymphocyte costimulation, lymphocyte costimulation,,,Text,,,,,,,,,,,,,
,GO:0002262 myeloid cell homeostasis, myeloid cell homeostasis,,,Text,,,,,,,,,,,,,
,GO:0002683 negative regulation of immune system process,negative regulation of immune system process,,,Text,,,,,,,,,,,,,
, GO:0002684 positive regulation of immune system process, positive regulation of immune system process,,,Text,,,,,,,,,,,,,
,GO:0002440 production of molecular mediator of immune response, production of molecular mediator of immune response,,,Text,,,,,,,,,,,,,
, GO:0002682 regulation of immune system process, regulation of immune system process,,,Text,,,,,,,,,,,,,
, GO:0002200 somatic diversification of immune receptors,somatic diversification of immune receptors,,,Text,,,,,,,,,,,,,
,GO:0045058 T cell selection, T cell selection,,,Text,,,,,,,,,,,,,
,GO:0002507 tolerance induction, tolerance induction,,,Text,,,,,,,,,,,,,
, GO:0051641 cellular localization,cellular localization,,,Text,,,,,,,,,,,,,
,GO:0051234 establishment of localization, establishment of localization,,,Text,,,,,,,,,,,,,
, GO:0051674 localization of cell,localization of cell,,,Text,,,,,,,,,,,,,
,GO:0033036 macromolecule localization, macromolecule localization,,,Text,,,,,,,,,,,,,
, GO:0051235 maintenance of location, maintenance of location,,,Text,,,,,,,,,,,,,
,GO:0035732 nitric oxide storage, nitric oxide storage,,,Numerical,,,,,,,,,,,,,
, GO:0032879 regulation of localization,regulation of localization,,,Text,,,,,,,,,,,,,
, GO:0048870 cell motility, cell motility,,,Text,,,,,,,,,,,,,
,GO:0033058 directional locomotion,directional locomotion,,,Numerical,,,,,,,,,,,,,
, GO:0051821 dissemination or transmission of organism from other organism involved in symbiotic interaction,dissemination or transmission of organism from other organism involved in symbiotic interaction,,,Numerical,,,,,,,,,,,,,
, GO:0060361 flight,flight,,,Numerical,,,,,,,,,,,,,
,GO:0031987 locomotion involved in locomotory behavior, locomotion involved in locomotory behavior,,,Numerical,,,,,,,,,,,,,
, GO:0052192 movement in environment of other organism involved in symbiotic interaction, movement in environment of other organism involved in symbiotic interaction,,,Numerical,,,,,,,,,,,,,
, GO:0040013 negative regulation of locomotion, negative regulation of locomotion,,,Numerical,,,,,,,,,,,,,
, GO:0040017 positive regulation of locomotion,positive regulation of locomotion,,,Numerical,,,,,,,,,,,,,
, GO:0040012 regulation of locomotion, regulation of locomotion,,,Numerical,,,,,,,,,,,,,
,GO:0042330 taxis,taxis,,,Numerical,,,,,,,,,,,,,
, GO:0008152 metabolic process, metabolic process,,,Numerical,,,,,,,,,,,,,
,GO:0009058 biosynthetic process, biosynthetic process,,,Numerical,,,,,,,,,,,,,
,GO:0009056 catabolic process, catabolic process,,,Numerical,,,,,,,,,,,,,
,GO:0044237 cellular metabolic process, cellular metabolic process,,,Numerical,,,,,,,,,,,,,
,GO:0042445 hormone metabolic process,hormone metabolic process,,,Numerical,,,,,,,,,,,,,
,GO:0043170 macromolecule metabolic process,macromolecule metabolic process,,,Numerical,,,,,,,,,,,,,
,GO:0044033 multi-organism metabolic process,multi-organism metabolic process,,,Numerical,,,,,,,,,,,,,
,GO:0044236 multicellular organismal metabolic process,multicellular organismal metabolic process,,,Numerical,,,,,,,,,,,,,
, GO:0009892 negative regulation of metabolic process, negative regulation of metabolic process,,,Numerical,,,,,,,,,,,,,
, GO:0006807 nitrogen compound metabolic process, nitrogen compound metabolic process,,,Numerical,,,,,,,,,,,,,
,GO:0071704 organic substance metabolic process,organic substance metabolic process,,,Numerical,,,,,,,,,,,,,
,GO:0019637 organophosphate metabolic process,organophosphate metabolic process,,,Numerical,,,,,,,,,,,,,
, GO:0055114 oxidation-reduction process,oxidation-reduction process,,,Numerical,,,,,,,,,,,,,
,GO:0042440 pigment metabolic process, pigment metabolic process,,,Numerical,,,,,,,,,,,,,
, GO:0009893 positive regulation of metabolic process, positive regulation of metabolic process,,,Numerical,,,,,,,,,,,,,
,GO:0044238 primary metabolic process, primary metabolic process,,,Numerical,,,,,,,,,,,,,
, GO:0019222 regulation of metabolic process, regulation of metabolic process,,,Numerical,,,,,,,,,,,,,
,GO:0045730 respiratory burst, respiratory burst,,,Numerical,,,,,,,,,,,,,
, GO:0019748 secondary metabolic process, secondary metabolic process,,,Numerical,,,,,,,,,,,,,
, GO:0044281 small molecule metabolic process, small molecule metabolic process,,,Numerical,,,,,,,,,,,,,
, GO:0051705 behavioral interaction between organisms, behavioral interaction between organisms,,,Numerical,,,,,,,,,,,,,
,GO:0042710 biofilm formation, biofilm formation,,,Numerical,,,,,,,,,,,,,
,GO:0044235 cellular component organization in other organism, cellular component organization in other organism,,,Numerical,,,,,,,,,,,,,
,GO:0000746 conjugation, conjugation,,,Numerical,,,,,,,,,,,,,
,GO:0007565 female pregnancy,female pregnancy,,,Numerical,,,,,,,,,,,,,
,GO:0000128 flocculation, flocculation,,,Numerical,,,,,,,,,,,,,
, GO:0009292 genetic transfer, genetic transfer,,,Numerical,,,,,,,,,,,,,
,GO:0048874 homeostasis of number of cells in a free-living population,homeostasis of number of cells in a free-living population,,,Numerical,,,,,,,,,,,,,
, GO:0044419 interspecies interaction between organisms, interspecies interaction between organisms,,,Numerical,,,,,,,,,,,,,
,GO:0051703 intraspecies interaction between organisms, intraspecies interaction between organisms,,,Numerical,,,,,,,,,,,,,
,GO:0031640 killing of cells of other organism, killing of cells of other organism,,,Numerical,,,,,,,,,,,,,
,GO:0007618 mating, mating,,,Numerical,,,,,,,,,,,,,
,GO:0051673 membrane disruption in other organism, membrane disruption in other organism,,,Numerical,,,,,,,,,,,,,
,GO:0044033 multi-organism metabolic process, multi-organism metabolic process,,,Numerical,,,,,,,,,,,,,
,GO:0035636 multi-organism signaling, multi-organism signaling,,,Numerical,,,,,,,,,,,,,
, GO:0043901 negative regulation of multi-organism process, negative regulation of multi-organism process,,,Numerical,,,,,,,,,,,,,
,GO:0007567 parturition, parturition,,,Numerical,,,,,,,,,,,,,
,GO:0009405 pathogenesis, pathogenesis,,,Numerical,,,,,,,,,,,,,
, GO:0009856 pollination, pollination,,,Numerical,,,,,,,,,,,,,
,GO:0035915 pore complex assembly in other organism, pore complex assembly in other organism,,,Numerical,,,,,,,,,,,,,
, GO:0043902 positive regulation of multi-organism process,  positive regulation of multi-organism process,,,Numerical,,,,,,,,,,,,,
, GO:0043900 regulation of multi-organism process, regulation of multi-organism process,,,Numerical,,,,,,,,,,,,,
, GO:0051707 response to other organism,response to other organism,,,Numerical,,,,,,,,,,,,,
, GO:0032501 multicellular organismal process, multicellular organismal process,,,Text,,,,,,,,,,,,,
, GO:0019987 negative regulation of anti-apoptosis,negative regulation of anti-apoptosis,,,Numerical,,,,,,,,,,,,,
,GO:0030712 negative regulation of border follicle cell delamination, negative regulation of border follicle cell delamination,,,Numerical,,,,,,,,,,,,,
,GO:0031342 negative regulation of cell killing, negative regulation of cell killing,,,Numerical,,,,,,,,,,,,,
,GO:0051129 negative regulation of cellular component organization, negative regulation of cellular component organization,,,Numerical,,,,,,,,,,,,,
, GO:0048523 negative regulation of cellular process, negative regulation of cellular process,,,Numerical,,,,,,,,,,,,,
,GO:0042754 negative regulation of circadian rhythm, negative regulation of circadian rhythm,,,Numerical,,,,,,,,,,,,,
,GO:2000747 negative regulation of defecation rhythm, negative regulation of defecation rhythm,,,Numerical,,,,,,,,,,,,,
,GO:0051093 negative regulation of developmental process, negative regulation of developmental process,,,Numerical,,,,,,,,,,,,,
,GO:2000795 negative regulation of epithelial cell proliferation involved in lung morphogenesis, negative regulation of epithelial cell proliferation involved in lung morphogenesis,,,Numerical,,,,,,,,,,,,,
,GO:0051918 negative regulation of fibrinolysis, negative regulation of fibrinolysis,,,Numerical,,,,,,,,,,,,,
,GO:2001048 negative regulation of G1/S transition checkpoint,negative regulation of G1/S transition checkpoint,,,Numerical,,,,,,,,,,,,,
, GO:0045926 negative regulation of growth, negative regulation of growth,,,Numerical,,,,,,,,,,,,,
,GO:0032845 negative regulation of homeostatic process, negative regulation of homeostatic process,,,Numerical,,,,,,,,,,,,,
,GO:0002683 negative regulation of immune system process, negative regulation of immune system process,,,Numerical,,,,,,,,,,,,,
,GO:0010888 negative regulation of lipid storage, negative regulation of lipid storage,,,Numerical,,,,,,,,,,,,,
, GO:0040013 negative regulation of locomotion, negative regulation of locomotion,,,Numerical,,,,,,,,,,,,,
,GO:2000791 negative regulation of mesenchymal cell proliferation involved in lung development, negative regulation of mesenchymal cell proliferation involved in lung development,,,Numerical,,,,,,,,,,,,,
,GO:0009892 negative regulation of metabolic process, negative regulation of metabolic process,,,Numerical,,,,,,,,,,,,,
, GO:0043901 negative regulation of multi-organism process,negative regulation of multi-organism process,,,Numerical,,,,,,,,,,,,,
, GO:0051241 negative regulation of multicellular organismal process, negative regulation of multicellular organismal process,,,Numerical,,,,,,,,,,,,,
, GO:2000818 negative regulation of myoblast proliferation,negative regulation of myoblast proliferation,,,Numerical,,,,,,,,,,,,,
, GO:0045847 negative regulation of nitrogen utilization,negative regulation of nitrogen utilization,,,Numerical,,,,,,,,,,,,,
,GO:2000355 negative regulation of ovarian follicle development, negative regulation of ovarian follicle development,,,Numerical,,,,,,,,,,,,,
,GO:0045942 negative regulation of phosphorus utilization, negative regulation of phosphorus utilization,,,Numerical,,,,,,,,,,,,,
,GO:2000242 negative regulation of reproductive process, negative regulation of reproductive process,,,Numerical,,,,,,,,,,,,,
,GO:0048585 negative regulation of response to stimulus, negative regulation of response to stimulus,,,Numerical,,,,,,,,,,,,,
, GO:0051283 negative regulation of sequestering of calcium ion, negative regulation of sequestering of calcium ion,,,Numerical,,,,,,,,,,,,,
,GO:0061089 negative regulation of sequestering of zinc ion, negative regulation of sequestering of zinc ion,,,Numerical,,,,,,,,,,,,,
, GO:0023057 negative regulation of signaling, negative regulation of signaling,,,Numerical,,,,,,,,,,,,,
,GO:0090233 negative regulation of spindle checkpoint, negative regulation of spindle checkpoint,,,Numerical,,,,,,,,,,,,,
, GO:0045882 negative regulation of sulfur utilization, negative regulation of sulfur utilization,,,Numerical,,,,,,,,,,,,,
,GO:0051051 negative regulation of transport, negative regulation of transport,,,Numerical,,,,,,,,,,,,,
,GO:0046725 negative regulation of viral protein levels in host cell,negative regulation of viral protein levels in host cell,,,Numerical,,,,,,,,,,,,,
,GO:0048525 negative regulation of viral reproduction, negative regulation of viral reproduction,,,Numerical,,,,,,,,,,,,,
,GO:0045847 negative regulation of nitrogen utilization, negative regulation of nitrogen utilization,,,Numerical,,,,,,,,,,,,,
,GO:0045848 positive regulation of nitrogen utilization,positive regulation of nitrogen utilization,,,Numerical,,,,,,,,,,,,,
,GO:0006808 regulation of nitrogen utilization, regulation of nitrogen utilization,,,Numerical,,,,,,,,,,,,,
, GO:0045942 negative regulation of phosphorus utilization, negative regulation of phosphorus utilization,,,Numerical,,,,,,,,,,,,,
, GO:0045949 positive regulation of phosphorus utilization, positive regulation of phosphorus utilization,,,Numerical,,,,,,,,,,,,,
, GO:0006795 regulation of phosphorus utilization, regulation of phosphorus utilization,,,Numerical,,,,,,,,,,,,,
, GO:0033059 cellular pigmentation, cellular pigmentation,,,Numerical,,,,,,,,,,,,,
,GO:0048066 developmental pigmentation, developmental pigmentation,,,Numerical,,,,,,,,,,,,,
, GO:0033060 ocellus pigmentation, ocellus pigmentation,,,Numerical,,,,,,,,,,,,,
, GO:0043476 pigment accumulation, pigment accumulation,,,Numerical,,,,,,,,,,,,,
, GO:0043474 pigment metabolic process involved in pigmentation, pigment metabolic process involved in pigmentation,,,Numerical,,,,,,,,,,,,,
,GO:0045768 positive regulation of anti-apoptosis, positive regulation of anti-apoptosis,,,Numerical,,,,,,,,,,,,,
,GO:0030711 positive regulation of border follicle cell delamination,positive regulation of border follicle cell delamination,,,Numerical,,,,,,,,,,,,,
,GO:0031343 positive regulation of cell killing, positive regulation of cell killing,,,Numerical,,,,,,,,,,,,,
,GO:0044089 positive regulation of cellular component biogenesis, positive regulation of cellular component biogenesis,,,Numerical,,,,,,,,,,,,,
,GO:0051130 positive regulation of cellular component organization,positive regulation of cellular component organization,,,Numerical,,,,,,,,,,,,,
,GO:0048522 positive regulation of cellular process,positive regulation of cellular process,,,Numerical,,,,,,,,,,,,,
,GO:0042753 positive regulation of circadian rhythm, positive regulation of circadian rhythm,,,Numerical,,,,,,,,,,,,,
,GO:2000748 positive regulation of defecation rhythm,positive regulation of defecation rhythm,,,Numerical,,,,,,,,,,,,,
,GO:0051094 positive regulation of developmental process,positive regulation of developmental process,,,Numerical,,,,,,,,,,,,,
,GO:0051919 positive regulation of fibrinolysis,positive regulation of fibrinolysis,,,Numerical,,,,,,,,,,,,,
,GO:2001052 positive regulation of G1/S transition checkpoint,positive regulation of G1/S transition checkpoint,,,Numerical,,,,,,,,,,,,,
,GO:0045927 positive regulation of growth,positive regulation of growth,,,Numerical,,,,,,,,,,,,,
,GO:0032846 positive regulation of homeostatic process,positive regulation of homeostatic process,,,Numerical,,,,,,,,,,,,,
, GO:0002684 positive regulation of immune system process,positive regulation of immune system process,,,Numerical,,,,,,,,,,,,,
,GO:0010884 positive regulation of lipid storage, positive regulation of lipid storage,,,Numerical,,,,,,,,,,,,,
,GO:0040017 positive regulation of locomotion,positive regulation of locomotion,,,Numerical,,,,,,,,,,,,,
,GO:2000792 positive regulation of mesenchymal cell proliferation involved in lung development,positive regulation of mesenchymal cell proliferation involved in lung development,,,Numerical,,,,,,,,,,,,,
, GO:2000729 positive regulation of mesenchymal cell proliferation involved in ureter development, positive regulation of mesenchymal cell proliferation involved in ureter development,,,Numerical,,,,,,,,,,,,,
, GO:0009893 positive regulation of metabolic process, positive regulation of metabolic process,,,Numerical,,,,,,,,,,,,,
, GO:0043902 positive regulation of multi-organism process,positive regulation of multi-organism process,,,Numerical,,,,,,,,,,,,,
, GO:0051240 positive regulation of multicellular organismal process,positive regulation of multicellular organismal process,,,Numerical,,,,,,,,,,,,,
, GO:0045848 positive regulation of nitrogen utilization, positive regulation of nitrogen utilization,,,Numerical,,,,,,,,,,,,,
,GO:2000386 positive regulation of ovarian follicle development,positive regulation of ovarian follicle development,,,Numerical,,,,,,,,,,,,,
,GO:0045949 positive regulation of phosphorus utilization,positive regulation of phosphorus utilization,,,Numerical,,,,,,,,,,,,,
,GO:2000243 positive regulation of reproductive process,positive regulation of reproductive process,,,Numerical,,,,,,,,,,,,,
, GO:0048584 positive regulation of response to stimulus, positive regulation of response to stimulus,,,Numerical,,,,,,,,,,,,,
,GO:0051284 positive regulation of sequestering of calcium ion, positive regulation of sequestering of calcium ion,,,Numerical,,,,,,,,,,,,,
,GO:0061090 positive regulation of sequestering of zinc ion, positive regulation of sequestering of zinc ion,,,Numerical,,,,,,,,,,,,,
, GO:0023056 positive regulation of signaling, positive regulation of signaling,,,Numerical,,,,,,,,,,,,,
,GO:0090232 positive regulation of spindle checkpoint, positive regulation of spindle checkpoint,,,Numerical,,,,,,,,,,,,,
,GO:0045883 positive regulation of sulfur utilization,positive regulation of sulfur utilization,,,Numerical,,,,,,,,,,,,,
,GO:0051050 positive regulation of transport,positive regulation of transport,,,Numerical,,,,,,,,,,,,,
,GO:0046726 positive regulation of viral protein levels in host cell, positive regulation of viral protein levels in host cell,,,Numerical,,,,,,,,,,,,,
,GO:0048524 positive regulation of viral reproduction, positive regulation of viral reproduction,,,Numerical,,,,,,,,,,,,,
, GO:0048519 negative regulation of biological process, negative regulation of biological process,,,Numerical,,,,,,,,,,,,,
, GO:0048518 positive regulation of biological process,positive regulation of biological process,,,Numerical,,,,,,,,,,,,,
,GO:0045767 regulation of anti-apoptosis, regulation of anti-apoptosis,,,Numerical,,,,,,,,,,,,,
,GO:0043610 regulation of carbohydrate utilization,egulation of carbohydrate utilization,,,Numerical,,,,,,,,,,,,,
, GO:0043609 regulation of carbon utilization, regulation of carbon utilization,,,Numerical,,,,,,,,,,,,,
,GO:0031341 regulation of cell killing,regulation of cell killing,,,Numerical,,,,,,,,,,,,,
, GO:0044087 regulation of cellular component biogenesis, regulation of cellular component biogenesis,,,Numerical,,,,,,,,,,,,,
,GO:0051128 regulation of cellular component organization, regulation of cellular component organization,,,Numerical,,,,,,,,,,,,,
,GO:0050794 regulation of cellular process,regulation of cellular process,,,Numerical,,,,,,,,,,,,,
,GO:0042752 regulation of circadian rhythm, regulation of circadian rhythm,,,Numerical,,,,,,,,,,,,,
,GO:2000746 regulation of defecation rhythm, regulation of defecation rhythm,,,Numerical,,,,,,,,,,,,,
,GO:0050793 regulation of developmental process,regulation of developmental process,,,Numerical,,,,,,,,,,,,,
,GO:2000794 regulation of epithelial cell proliferation involved in lung morphogenesis, regulation of epithelial cell proliferation involved in lung morphogenesis,,,Numerical,,,,,,,,,,,,,
,GO:0071898 regulation of estrogen receptor binding,regulation of estrogen receptor binding,,,Numerical,,,,,,,,,,,,,
, GO:0051917 regulation of fibrinolysis, regulation of fibrinolysis,,,Numerical,,,,,,,,,,,,,
, GO:2001047 regulation of G1/S transition checkpoint,  regulation of G1/S transition checkpoint,,,Numerical,,,,,,,,,,,,,
, GO:0040008 regulation of growth, regulation of growth,,,Numerical,,,,,,,,,,,,,
,GO:0032844 regulation of homeostatic process,regulation of homeostatic process,,,Numerical,,,,,,,,,,,,,
,GO:0002682 regulation of immune system process,regulation of immune system process,,,Numerical,,,,,,,,,,,,,
, GO:0032879 regulation of localization,regulation of localization,,,Numerical,,,,,,,,,,,,,
, GO:0040012 regulation of locomotion,  regulation of locomotion,,,Numerical,,,,,,,,,,,,,
,GO:2000790 regulation of mesenchymal cell proliferation involved in lung development,regulation of mesenchymal cell proliferation involved in lung development,,,Numerical,,,,,,,,,,,,,
,GO:0019222 regulation of metabolic process, regulation of metabolic process,,,Numerical,,,,,,,,,,,,,
,GO:0043900 regulation of multi-organism process, regulation of multi-organism process,,,Numerical,,,,,,,,,,,,,
, GO:0051239 regulation of multicellular organismal process, regulation of multicellular organismal process,,,Numerical,,,,,,,,,,,,,
,GO:0006808 regulation of nitrogen utilization, regulation of nitrogen utilization,,,Numerical,,,,,,,,,,,,,
,GO:0006795 regulation of phosphorus utilization, regulation of phosphorus utilization,,,Numerical,,,,,,,,,,,,,
,GO:0097006 regulation of plasma lipoprotein particle levels, regulation of plasma lipoprotein particle levels,,,Numerical,,,,,,,,,,,,,
,GO:2000241 regulation of reproductive process, regulation of reproductive process,,,Numerical,,,,,,,,,,,,,
, GO:0048583 regulation of response to stimulus, regulation of response to stimulus,,,Numerical,,,,,,,,,,,,,
,GO:0023051 regulation of signaling,regulation of signaling,,,Numerical,,,,,,,,,,,,,
,GO:0090231 regulation of spindle checkpoint, regulation of spindle checkpoint,,,Numerical,,,,,,,,,,,,,
,GO:0006792 regulation of sulfur utilization, regulation of sulfur utilization,,,Numerical,,,,,,,,,,,,,
,GO:0050792 regulation of viral reproduction, regulation of viral reproduction,,,Numerical,,,,,,,,,,,,,
, GO:0019954 asexual reproduction,asexual reproduction,,,Text,,,,,,,,,,,,,
,GO:0032504 multicellular organism reproduction,multicellular organism reproduction,,,Text,,,,,,,,,,,,,
,GO:0032505 reproduction of a single-celled organism, reproduction of a single-celled organism,,,Text,,,,,,,,,,,,,
, GO:0022414 reproductive process,  reproductive process,,,Text,,,,,,,,,,,,,
, GO:0019953 sexual reproduction, sexual reproduction,,,Text,,,,,,,,,,,,,
, GO:0048610 cellular process involved in reproduction,cellular process involved in reproduction,,,Text,,,,,,,,,,,,,
,GO:0003006 developmental process involved in reproduction,developmental process involved in reproduction,,,Text,,,,,,,,,,,,,
, GO:0007566 embryo implantation, embryo implantation,,,Text,,,,,,,,,,,,,
,GO:0007565 female pregnancy,female pregnancy,,,Text,,,,,,,,,,,,,
,GO:0009566 fertilization, fertilization,,,Text,,,,,,,,,,,,,
,GO:0007618 mating, mating,,,Text,,,,,,,,,,,,,
,GO:0048609 multicellular organismal reproductive process,9 multicellular organismal reproductive process,,,Text,,,,,,,,,,,,,
, GO:2000242 negative regulation of reproductive process,negative regulation of reproductive process,,,Text,,,,,,,,,,,,,
,GO:0007567 parturition, parturition,,,Text,,,,,,,,,,,,,
,GO:0009856 pollination, pollination,,,Text,,,,,,,,,,,,,
, GO:2000243 positive regulation of reproductive process,  positive regulation of reproductive process,,,Text,,,,,,,,,,,,,
,GO:2000241 regulation of reproductive process, regulation of reproductive process,,,Text,,,,,,,,,,,,,
,GO:0019098 reproductive behavior,reproductive behavior,,,Text,,,,,,,,,,,,,
, GO:0022415 viral reproductive process, viral reproductive process,,,Numerical,,,,,,,,,,,,,
,GO:0007610 behavior,behavior,,,Numerical,,,,,,,,,,,,,
,GO:0051716 cellular response to stimulus,cellular response to stimulus,,,Numerical,,,,,,,,,,,,,
,GO:0051606 detection of stimulus,detection of stimulus,,,Numerical,,,,,,,,,,,,,
,GO:0006955 immune response, immune response,,,Numerical,,,,,,,,,,,,,
, GO:0048585 negative regulation of response to stimulus, negative regulation of response to stimulus,,,Numerical,,,,,,,,,,,,,
, GO:0048584 positive regulation of response to stimulus,positive regulation of response to stimulus,,,Numerical,,,,,,,,,,,,,
, GO:0072376 protein activation cascade,protein activation cascade,,,Numerical,,,,,,,,,,,,,
, GO:0048583 regulation of response to stimulus,regulation of response to stimulus,,,Numerical,,,,,,,,,,,,,
,GO:0009628 response to abiotic stimulus,response to abiotic stimulus,,,Numerical,,,,,,,,,,,,,
, GO:0014823 response to activity, response to activity,,,Numerical,,,,,,,,,,,,,
, GO:0009607 response to biotic stimulus,response to biotic stimulus,,,Numerical,,,,,,,,,,,,,
,GO:0042221 response to chemical stimulus, response to chemical stimulus,,,Numerical,,,,,,,,,,,,,
,GO:0002021 response to dietary excess,response to dietary excess,,,Numerical,,,,,,,,,,,,,
,O:0009719 response to endogenous stimulus,response to endogenous stimulus,,,Numerical,,,,,,,,,,,,,
,GO:0009605 response to external stimulus, response to external stimulus,,,Numerical,,,,,,,,,,,,,
,GO:0014854 response to inactivity,response to inactivity,,,Numerical,,,,,,,,,,,,,
,GO:0014874 response to stimulus involved in regulation of muscle adaptation,response to stimulus involved in regulation of muscle adaptation,,,Numerical,,,,,,,,,,,,,
,GO:0006950 response to stress, response to stress,,,Numerical,,,,,,,,,,,,,
, GO:0007623 circadian rhythm,circadian rhythm,,,Text,,,,,,,,,,,,,
, GO:0042698 ovulation cycle,  ovulation cycle,,,Text,,,,,,,,,,,,,
, GO:0022602 ovulation cycle process, ovulation cycle process,,,Text,,,,,,,,,,,,,
,GO:0007622 rhythmic behavior, rhythmic behavior,,,Text,,,,,,,,,,,,,
,GO:0007624 ultradian rhythm, ultradian rhythm,,,Text,,,,,,,,,,,,,
, GO:0007267 cell-cell signaling, cell-cell signaling,,,Text,,,,,,,,,,,,,
,GO:0035426 extracellular matrix-cell signaling,extracellular matrix-cell signaling,,,Text,,,,,,,,,,,,,
,GO:0021807 motogenic signaling initiating cell movement in cerebral cortex, motogenic signaling initiating cell movement in cerebral cortex,,,Text,,,,,,,,,,,,,
,GO:0021838 motogenic signaling involved in interneuron migration from the subpallium to the cortex,motogenic signaling involved in interneuron migration from the subpallium to the cortex,,,Text,,,,,,,,,,,,,
,GO:0021837 motogenic signaling involved in postnatal olfactory bulb interneuron migration,motogenic signaling involved in postnatal olfactory bulb interneuron migration,,,Text,,,,,,,,,,,,,
,GO:0035636 multi-organism signaling, multi-organism signaling,,,Text,,,,,,,,,,,,,
, GO:0035637 multicellular organismal signaling, multicellular organismal signaling,,,Text,,,,,,,,,,,,,
, GO:0023057 negative regulation of signaling, negative regulation of signaling,,,Text,,,,,,,,,,,,,
, GO:0023056 positive regulation of signaling, positive regulation of signaling,,,Text,,,,,,,,,,,,,
, GO:0023051 regulation of signaling,regulation of signaling,,,Text,,,,,,,,,,,,,
, GO:0007165 signal transduction,signal transduction,,,Text,,,,,,,,,,,,,
, GO:0045882 negative regulation of sulfur utilization, negative regulation of sulfur utilization,,,Text,,,,,,,,,,,,,
,GO:0045883 positive regulation of sulfur utilization,positive regulation of sulfur utilization,,,Text,,,,,,,,,,,,,
, GO:0006792 regulation of sulfur utilization, regulation of sulfur utilization,,,Text,,,,,,,,,,,,,
, GO:0048525 negative regulation of viral reproduction,negative regulation of viral reproduction,,,Text,,,,,,,,,,,,,
,GO:0048524 positive regulation of viral reproduction,positive regulation of viral reproduction,,,Text,,,,,,,,,,,,,
, GO:0050792 regulation of viral reproduction, regulation of viral reproduction,,,Text,,,,,,,,,,,,,
,GO:0022415 viral reproductive process, viral reproductive process,,,Text,,,,,,,,,,,,,
Molecular Function, GO:0045174 glutathione dehydrogenase (ascorbate) activity, glutathione dehydrogenase (ascorbate) activity,,,Text,,,,,,,,,,,,,
,GO:0004362 glutathione-disulfide reductase activity, glutathione-disulfide reductase activity,,,Text,,,,,,,,,,,,,
, GO:0004601 peroxidase activity, peroxidase activity,,,Text,,,,,,,,,,,,,
,GO:0032542 sulfiredoxin activity, sulfiredoxin activity,,,Text,,,,,,,,,,,,,
, GO:0004784 superoxide dismutase activity, superoxide dismutase activity,,,Text,,,,,,,,,,,,,
,GO:0050605 superoxide reductase activity, superoxide reductase activity,,,Text,,,,,,,,,,,,,
,GO:0004791 thioredoxin-disulfide reductase activity, thioredoxin-disulfide reductase activity,,,Text,,,,,,,,,,,,,
, GO:0000035 acyl binding, GO:0000035 acyl binding,,,Text,,,,,,,,,,,,,
,GO:0043178 alcohol binding,GO:0043178 alcohol binding,,,Text,,,,,,,,,,,,,
,GO:0072328 alkene binding,GO:0072328 alkene binding,,,Text,,,,,,,,,,,,,
, GO:0033218 amide binding, GO:0033218 amide binding,,,Text,,,,,,,,,,,,,
,GO:0043176 amine binding,GO:0043176 amine binding,,,Text,,,,,,,,,,,,,
,GO:0003823 antigen binding,GO:0003823 antigen binding,,,Text,,,,,,,,,,,,,
,"GO:0060090 binding, bridging","GO:0060090 binding, bridging",,,Text,,,,,,,,,,,,,
, GO:0046904 calcium oxalate binding, GO:0046904 calcium oxalate binding,,,Text,,,,,,,,,,,,,
,GO:0030246 carbohydrate binding,GO:0030246 carbohydrate binding,,,Text,,,,,,,,,,,,,
, GO:0070025 carbon monoxide binding, GO:0070025 carbon monoxide binding,,,Text,,,,,,,,,,,,,
,GO:0031406 carboxylic acid binding,GO:0031406 carboxylic acid binding,,,Text,,,,,,,,,,,,,
, GO:0043498 cell surface binding, GO:0043498 cell surface binding,,,Text,,,,,,,,,,,,,
,GO:0003682 chromatin binding,GO:0003682 chromatin binding,,,Text,,,,,,,,,,,,,
, GO:0048037 cofactor binding, GO:0048037 cofactor binding,,,Text,,,,,,,,,,,,,
, GO:0005040 decoy death receptor activity, GO:0005040 decoy death receptor activity,,,Text,,,,,,,,,,,,,
, GO:0051871 dihydrofolic acid binding, GO:0051871 dihydrofolic acid binding,,,Text,,,,,,,,,,,,,
,GO:0035731 dinitrosyl-iron complex binding,GO:0035731 dinitrosyl-iron complex binding,,,Text,,,,,,,,,,,,,
, GO:0008144 drug binding, GO:0008144 drug binding,,,Text,,,,,,,,,,,,,
, GO:0050840 extracellular matrix binding, GO:0050840 extracellular matrix binding,,,Text,,,,,,,,,,,,,
, GO:0035923 flurbiprofen binding, GO:0035923 flurbiprofen binding,,,Text,,,,,,,,,,,,,
,GO:0042562 hormone binding, hormone binding,,,Text,,,,,,,,,,,,,
,GO:0046812 host cell surface binding,host cell surface binding,,,Text,,,,,,,,,,,,,
, GO:0046848 hydroxyapatite binding, hydroxyapatite binding,,,Text,,,,,,,,,,,,,
, GO:0043167 ion binding, ion binding,,,Text,,,,,,,,,,,,,
,GO:0043515 kinetochore binding,kinetochore binding,,,Text,,,,,,,,,,,,,
,GO:0008289 lipid binding, lipid binding,,,Text,,,,,,,,,,,,,
,GO:0001530 lipopolysaccharide binding,lipopolysaccharide binding,,,Text,,,,,,,,,,,,,
,GO:0070891 lipoteichoic acid binding,lipoteichoic acid binding,,,Text,,,,,,,,,,,,,
,GO:0051540 metal cluster binding, metal cluster binding,,,Text,,,,,,,,,,,,,
,GO:0050436 microfibril binding, microfibril binding,,,Text,,,,,,,,,,,,,
,GO:0042165 neurotransmitter binding,neurotransmitter binding,,,Text,,,,,,,,,,,,,
, GO:0070026 nitric oxide binding, nitric oxide binding,,,Text,,,,,,,,,,,,,
,GO:0003676 nucleic acid binding,nucleic acid binding,,,Text,,,,,,,,,,,,,
,GO:0002054 nucleobase binding,nucleobase binding,,,Text,,,,,,,,,,,,,
,GO:0001882 nucleoside binding, nucleoside binding,,,Text,,,,,,,,,,,,,
,GO:0000166 nucleotide binding, nucleotide binding,,,Text,,,,,,,,,,,,,
,GO:0005549 odorant binding, odorant binding,,,Text,,,,,,,,,,,,,
, GO:0043177 organic acid binding,organic acid binding,,,Text,,,,,,,,,,,,,
, GO:0019825 oxygen binding,oxygen binding,,,Text,,,,,,,,,,,,,
,GO:0001871 pattern binding, pattern binding,,,Text,,,,,,,,,,,,,
, GO:0042277 peptide binding, peptide binding,,,Text,,,,,,,,,,,,,
,GO:0031409 pigment binding,pigment binding,,,Text,,,,,,,,,,,,,
, GO:0043287 poly(3-hydroxyalkanoate) binding, poly(3-hydroxyalkanoate) binding,,,Text,,,,,,,,,,,,,
, GO:0005515 protein binding, protein binding,,,Text,,,,,,,,,,,,,
,GO:0071814 protein-lipid complex binding, protein-lipid complex binding,,,Text,,,,,,,,,,,,,
, GO:0050997 quaternary ammonium group binding,quaternary ammonium group binding,,,Text,,,,,,,,,,,,,
, GO:0043021 ribonucleoprotein binding,ribonucleoprotein binding,,,Text,,,,,,,,,,,,,
,GO:0035730 S-nitrosoglutathione binding, S-nitrosoglutathione binding,,,Text,,,,,,,,,,,,,
,GO:0008430 selenium binding, selenium binding,,,Text,,,,,,,,,,,,,
,GO:0043924 suramin binding, suramin binding,,,Text,,,,,,,,,,,,,
, GO:0046906 tetrapyrrole binding, tetrapyrrole binding,,,Text,,,,,,,,,,,,,
,GO:0015643 toxin binding, toxin binding,,,Text,,,,,,,,,,,,,
, GO:0046790 virion binding, virion binding,,,Text,,,,,,,,,,,,,
,GO:0019842 vitamin binding, vitamin binding,,,Text,,,,,,,,,,,,,
,GO:0050824 water binding,water binding,,,Text,,,,,,,,,,,,,
," GO:0070497 6-carboxy-5,6,7,8-tetrahydropterin synthase activity"," 6-carboxy-5,6,7,8-tetrahydropterin synthase activity",,,Numerical,,,,,,,,,,,,,
,GO:0043364 catalysis of free radical formation,catalysis of free radical formation,,,Numerical,,,,,,,,,,,,,
,GO:0009975 cyclase activity, cyclase activity,,,Numerical,,,,,,,,,,,,,
,GO:0019239 deaminase activity,deaminase activity,,,Numerical,,,,,,,,,,,,,
,GO:0032451 demethylase activity,demethylase activity,,,Numerical,,,,,,,,,,,,,
,GO:0000384 first spliceosomal transesterification activity,first spliceosomal transesterification activity,,,Numerical,,,,,,,,,,,,,
,GO:0004133 glycogen debranching enzyme activity,glycogen debranching enzyme activity,,,Numerical,,,,,,,,,,,,,
,GO:0019172 glyoxalase III activity,glyoxalase III activity,,,Numerical,,,,,,,,,,,,,
, GO:0016787 hydrolase activity,  hydrolase activity,,,Numerical,,,,,,,,,,,,,
, GO:0008907 integrase activity, integrase activity,,,Numerical,,,,,,,,,,,,,
, GO:0016853 isomerase activity,isomerase activity,,,Numerical,,,,,,,,,,,,,
,GO:0016874 ligase activity, ligase activity,,,Numerical,,,,,,,,,,,,,
,GO:0016829 lyase activity,lyase activity,,,Numerical,,,,,,,,,,,,,
,GO:0008265 Mo-molybdopterin cofactor sulfurase activity,Mo-molybdopterin cofactor sulfurase activity,,,Numerical,,,,,,,,,,,,,
,GO:0030366 Mo-molybdopterin synthase activity, Mo-molybdopterin synthase activity,,,Numerical,,,,,,,,,,,,,
,GO:0016217 N-ethylammeline chlorohydrolase activity,N-ethylammeline chlorohydrolase activity,,,Numerical,,,,,,,,,,,,,
,GO:0016491 oxidoreductase activity,oxidoreductase activity,,,Numerical,,,,,,,,,,,,,
,GO:0046905 phytoene synthase activity,phytoene synthase activity,,,Numerical,,,,,,,,,,,,,
,GO:0008987 quinolinate synthetase A activity, quinolinate synthetase A activity,,,Numerical,,,,,,,,,,,,,
,GO:0070283 radical SAM enzyme activity,radical SAM enzyme activity,,,Numerical,,,,,,,,,,,,,
,GO:0000150 recombinase activity,recombinase activity,,,Numerical,,,,,,,,,,,,,
,GO:0000386 second spliceosomal transesterification activity,second spliceosomal transesterification activity,,,Numerical,,,,,,,,,,,,,
, GO:0009009 site-specific recombinase activity, site-specific recombinase activity,,,Numerical,,,,,,,,,,,,,
, GO:0043336 site-specific telomere resolvase activity,site-specific telomere resolvase activity,,,Numerical,,,,,,,,,,,,,
,GO:0008641 small protein activating enzyme activity, small protein activating enzyme activity,,,Numerical,,,,,,,,,,,,,
,GO:0016740 transferase activity, transferase activity,,,Numerical,,,,,,,,,,,,,
, GO:0004803 transposase activity, transposase activity,,,Numerical,,,,,,,,,,,,,
,GO:0010280 UDP-L-rhamnose synthase activity, UDP-L-rhamnose synthase activity,,,Numerical,,,,,,,,,,,,,
,GO:0046572 versicolorin B synthase activity,versicolorin B synthase activity,,,Numerical,,,,,,,,,,,,,
, GO:0005246 calcium channel regulator activity, calcium channel regulator activity,,,Numerical,,,,,,,,,,,,,
, GO:0016248 channel inhibitor activity, channel inhibitor activity,,,Numerical,,,,,,,,,,,,,
,GO:0017081 chloride channel regulator activity,chloride channel regulator activity,,,Numerical,,,,,,,,,,,,,
,GO:0015459 potassium channel regulator activity,potassium channel regulator activity,,,Numerical,,,,,,,,,,,,,
,GO:0017080 sodium channel regulator activity, sodium channel regulator activity,,,Numerical,,,,,,,,,,,,,
, GO:0042056 chemoattractant activity, chemoattractant activity,,,Numerical,,,,,,,,,,,,,
,GO:0045499 chemorepellent activity, chemorepellent activity,,,Numerical,,,,,,,,,,,,,
," GO:0045155 electron transporter, transferring electrons from CoQH2-cytochrome c reductase complex and cytochrome c oxidase complex activity","electron transporter, transferring electrons from CoQH2-cytochrome c reductase complex and cytochrome c oxidase complex activity",,,Numerical,,,,,,,,,,,,,
,"GO:0046028 electron transporter, transferring electrons from cytochrome b6/f complex of photosystem II activity","electron transporter, transferring electrons from cytochrome b6/f complex of photosystem II activity",,,Numerical,,,,,,,,,,,,,
,"GO:0045153 electron transporter, transferring electrons within CoQH2-cytochrome c reductase complex activity"," electron transporter, transferring electrons within CoQH2-cytochrome c reductase complex activity",,,Numerical,,,,,,,,,,,,,
," GO:0045158 electron transporter, transferring electrons within cytochrome b6/f complex of photosystem II activity"," electron transporter, transferring electrons within cytochrome b6/f complex of photosystem II activity",,,Numerical,,,,,,,,,,,,,
,"GO:0045154 electron transporter, transferring electrons within cytochrome c oxidase complex activity"," electron transporter, transferring electrons within cytochrome c oxidase complex activity",,,Numerical,,,,,,,,,,,,,
," GO:0045156 electron transporter, transferring electrons within the cyclic electron transport pathway of photosynthesis activity","electron transporter, transferring electrons within the cyclic electron transport pathway of photosynthesis activity",,,Numerical,,,,,,,,,,,,,
,"GO:0045157 electron transporter, transferring electrons within the noncyclic electron transport pathway of photosynthesis activity","electron transporter, transferring electrons within the noncyclic electron transport pathway of photosynthesis activity",,,Numerical,,,,,,,,,,,,,
, GO:0043028 caspase regulator activity, caspase regulator activity,,,Numerical,,,,,,,,,,,,,
,GO:0010851 cyclase regulator activity,cyclase regulator activity,,,Numerical,,,,,,,,,,,,,
,GO:0016536 cyclin-dependent protein kinase 5 activator regulator activity,cyclin-dependent protein kinase 5 activator regulator activity,,,Numerical,,,,,,,,,,,,,
, GO:0030337 DNA polymerase processivity factor activity,DNA polymerase processivity factor activity,,,Numerical,,,,,,,,,,,,,
,GO:0008047 enzyme activator activity,enzyme activator activity,,,Numerical,,,,,,,,,,,,,
, GO:0004857 enzyme inhibitor activity,enzyme inhibitor activity,,,Numerical,,,,,,,,,,,,,
,GO:0060308 GTP cyclohydrolase I regulator activity,GTP cyclohydrolase I regulator activity,,,Numerical,,,,,,,,,,,,,
,GO:0042349 guiding stereospecific synthesis activity,guiding stereospecific synthesis activity,,,Numerical,,,,,,,,,,,,,
,GO:0035034 histone acetyltransferase regulator activity,histone acetyltransferase regulator activity,,,Numerical,,,,,,,,,,,,,
,GO:0035033 histone deacetylase regulator activity,histone deacetylase regulator activity,,,Numerical,,,,,,,,,,,,,
,GO:0070917 inositol phosphoceramide synthase regulator activity, inositol phosphoceramide synthase regulator activity,,,Numerical,,,,,,,,,,,,,
,GO:0019207 kinase regulator activity,kinase regulator activity,,,Numerical,,,,,,,,,,,,,
, GO:0055103 ligase regulator activity,ligase regulator activity,,,Numerical,,,,,,,,,,,,,
,GO:0010576 metalloenzyme regulator activity,metalloenzyme regulator activity,,,Numerical,,,,,,,,,,,,,
,GO:0048270 methionine adenosyltransferase regulator activity,methionine adenosyltransferase regulator activity,,,Numerical,,,,,,,,,,,,,
, GO:0030235 nitric-oxide synthase regulator activity, nitric-oxide synthase regulator activity,,,Numerical,,,,,,,,,,,,,
, GO:0060589 nucleoside-triphosphatase regulator activity,nucleoside-triphosphatase regulator activity,,,Numerical,,,,,,,,,,,,,
,GO:0042979 ornithine decarboxylase regulator activity,ornithine decarboxylase regulator activity,,,Numerical,,,,,,,,,,,,,
, GO:0061134 peptidase regulator activity, peptidase regulator activity,,,Numerical,,,,,,,,,,,,,
,GO:0019208 phosphatase regulator activity, phosphatase regulator activity,,,Numerical,,,,,,,,,,,,,
,GO:0043763 UTP:glucose-1-phosphate uridylyltransferase regulator activity,UTP:glucose-1-phosphate uridylyltransferase regulator activity,,,Numerical,,,,,,,,,,,,,
,GO:0003706 ligand-regulated transcription factor activity,ligand-regulated transcription factor activity,,,Numerical,,,,,,,,,,,,,
, GO:0016530 metallochaperone activity,metallochaperone activity,,,Numerical,,,,,,,,,,,,,
,GO:0016531 copper chaperone activity,copper chaperone activity,,,Numerical,,,,,,,,,,,,,
,GO:0034986 iron chaperone activity,ron chaperone activity,,,Numerical,,,,,,,,,,,,,
,GO:0031992 energy transducer activity, energy transducer activity,,,Numerical,,,,,,,,,,,,,
,GO:0004871 signal transducer activity,signal transducer activity,,,Numerical,,,,,,,,,,,,,
, GO:0016015 morphogen activity, morphogen activity,,,Numerical,,,,,,,,,,,,,
,GO:0001070 RNA binding transcription factor activity, RNA binding transcription factor activity,,,Numerical,,,,,,,,,,,,,
,GO:0003700 sequence-specific DNA binding transcription factor activity, sequence-specific DNA binding transcription factor activity,,,Numerical,,,,,,,,,,,,,
,GO:0045735 nutrient reservoir activity, nutrient reservoir activity,,,Numerical,,,,,,,,,,,,,
,GO:0000990 core RNA polymerase binding transcription factor activity, core RNA polymerase binding transcription factor activity,,,Text,,,,,,,,,,,,,
, GO:0000989 transcription factor binding transcription factor activity, transcription factor binding transcription factor activity,,,Text,,,,,,,,,,,,,
,GO:0031386 protein tag, protein tag,,,Text,,,,,,,,,,,,,
, GO:0030226 apolipoprotein receptor activity, apolipoprotein receptor activity,,,Text,,,,,,,,,,,,,
,GO:0038024 cargo receptor activity,cargo receptor activity,,,Text,,,,,,,,,,,,,
, GO:0005040 decoy death receptor activity,decoy death receptor activity,,,Text,,,,,,,,,,,,,
, GO:0005055 laminin receptor activity, laminin receptor activity,,,Text,,,,,,,,,,,,,
, GO:0008329 pattern recognition receptor activity, pattern recognition receptor activity,,,Text,,,,,,,,,,,,,
,GO:0038023 signaling receptor activity,signaling receptor activity,,,Text,,,,,,,,,,,,,
, GO:0001618 viral receptor activity,viral receptor activity,,,Text,,,,,,,,,,,,,
, GO:0030548 acetylcholine receptor regulator activity, acetylcholine receptor regulator activity,,,Text,,,,,,,,,,,,,
,GO:0030546 receptor activator activity,receptor activator activity,,,Text,,,,,,,,,,,,,
, GO:0030547 receptor inhibitor activity,receptor inhibitor activity,,,Text,,,,,,,,,,,,,
,GO:0005201 extracellular matrix structural constituent, extracellular matrix structural constituent,,,Text,,,,,,,,,,,,,
,GO:0032947 protein complex scaffold, protein complex scaffold,,,Text,,,,,,,,,,,,,
,GO:0097099 structural constituent of albumen,structural constituent of albumen,,,Text,,,,,,,,,,,,,
,GO:0008147 structural constituent of bone, structural constituent of bone,,,Text,,,,,,,,,,,,,
,GO:0043886 structural constituent of carboxysome, structural constituent of carboxysome,,,Text,,,,,,,,,,,,,
, GO:0005199 structural constituent of cell wall,structural constituent of cell wall,,,Text,,,,,,,,,,,,,
,GO:0005213 structural constituent of chorion, structural constituent of chorion,,,Text,,,,,,,,,,,,,
, GO:0030527 structural constituent of chromatin, structural constituent of chromatin,,,Text,,,,,,,,,,,,,
,GO:0042302 structural constituent of cuticle, structural constituent of cuticle,,,Text,,,,,,,,,,,,,
,GO:0005200 structural constituent of cytoskeleton, structural constituent of cytoskeleton,,,Text,,,,,,,,,,,,,
,GO:0035804 structural constituent of egg coat, structural constituent of egg coat,,,Text,,,,,,,,,,,,,
, GO:0030280 structural constituent of epidermis, structural constituent of epidermis,,,Text,,,,,,,,,,,,,
, GO:0005212 structural constituent of eye lens, structural constituent of eye lens,,,Text,,,,,,,,,,,,,
,GO:0008307 structural constituent of muscle, structural constituent of muscle,,,Text,,,,,,,,,,,,,
,GO:0019911 structural constituent of myelin sheath, structural constituent of myelin sheath,,,Text,,,,,,,,,,,,,
, GO:0017056 structural constituent of nuclear pore, structural constituent of nuclear pore,,,Text,,,,,,,,,,,,,
, GO:0016490 structural constituent of peritrophic membrane, structural constituent of peritrophic membrane,,,Text,,,,,,,,,,,,,
, GO:0003735 structural constituent of ribosome, structural constituent of ribosome,,,Text,,,,,,,,,,,,,
," GO:0045183 translation factor activity, non-nucleic acid binding","translation factor activity, non-nucleic acid binding",,,Text,,,,,,,,,,,,,
,"GO:0090079 translation regulator activity, nucleic acid binding","translation regulator activity, nucleic acid binding",,,Text,,,,,,,,,,,,,
, GO:0030371 translation repressor activity, translation repressor activity,,,Text,,,,,,,,,,,,,
, GO:0051184 cofactor transporter activity, cofactor transporter activity,,,Text,,,,,,,,,,,,,
,GO:0005487 nucleocytoplasmic transporter activity,nucleocytoplasmic transporter activity,,,Text,,,,,,,,,,,,,
, GO:0043563 odorant transporter activity,odorant transporter activity,,,Text,,,,,,,,,,,,,
, GO:0042927 siderophore transporter activity,siderophore transporter activity,,,Text,,,,,,,,,,,,,
,GO:0022892 substrate-specific transporter activity, substrate-specific transporter activity,,,Text,,,,,,,,,,,,,
, GO:0019534 toxin transporter activity,toxin transporter activity,,,Text,,,,,,,,,,,,,
, GO:0022857 transmembrane transporter activity,transmembrane transporter activity,,,Text,,,,,,,,,,,,,
,GO:0042910 xenobiotic transporter activity,xenobiotic transporter activity,,,Text,,,,,,,,,,,,,
cellular_component,GO:0044464 cell part,cell part,,,Text,,,,,,,,,,,,,
, GO:0070161 anchoring junction,anchoring junction,,,Text,,,,,,,,,,,,,
,GO:0005911 cell-cell junction, cell-cell junction,,,Text,,,,,,,,,,,,,
,GO:0030055 cell-substrate junction, cell-substrate junction,,,Text,,,,,,,,,,,,,
, GO:0009334 3-phenylpropionate dioxygenase complex,3-phenylpropionate dioxygenase complex,,,Text,,,,,,,,,,,,,
,GO:0020007 apical complex, apical complex,,,Text,,,,,,,,,,,,,
,GO:0045177 apical part of cell, apical part of cell,,,Text,,,,,,,,,,,,,
,GO:0009347 aspartate carbamoyltransferase complex, aspartate carbamoyltransferase complex,,,Text,,,,,,,,,,,,,
,GO:0033774 basal labyrinth, basal labyrinth,,,Text,,,,,,,,,,,,,
, GO:0045178 basal part of cell, basal part of cell,,,Text,,,,,,,,,,,,,
,GO:0020032 basal ring of apical complex, basal ring of apical complex,,,Text,,,,,,,,,,,,,
,GO:0070331 CD20-Lck-Fyn complex, CD20-Lck-Fyn complex,,,Text,,,,,,,,,,,,,
,GO:0070332 CD20-Lck-Lyn-Fyn complex,CD20-Lck-Lyn-Fyn complex,,,Text,,,,,,,,,,,,,
, GO:0044297 cell body, cell body,,,Text,,,,,,,,,,,,,
,GO:0032153 cell division site, cell division site,,,Text,,,,,,,,,,,,,
,GO:0032155 cell division site part, cell division site part,,,Text,,,,,,,,,,,,,
,GO:0031522 cell envelope Sec protein transport complex, cell envelope Sec protein transport complex,,,Text,,,,,,,,,,,,,
,GO:0000267 cell fraction, cell fraction,,,Text,,,,,,,,,,,,,
, GO:0031252 cell leading edge, cell leading edge,,,Text,,,,,,,,,,,,,
, GO:0071944 cell periphery, cell periphery,,,Text,,,,,,,,,,,,,
,GO:0060187 cell pole, cell pole,,,Text,,,,,,,,,,,,,
,GO:0042995 cell projection, cell projection,,,Text,,,,,,,,,,,,,
,GO:0044463 cell projection part, cell projection part,,,Text,,,,,,,,,,,,,
, GO:0030428 cell septum,cell septum,,,Text,,,,,,,,,,,,,
, GO:0044457 cell septum part, cell septum part,,,Text,,,,,,,,,,,,,
, GO:0009986 cell surface,cell surface,,,Text,,,,,,,,,,,,,
, GO:0005933 cellular bud, cellular bud,,,Text,,,,,,,,,,,,,
, GO:0043218 compact myelin, compact myelin,,,Text,,,,,,,,,,,,,
,GO:0070938 contractile ring, contractile ring,,,Text,,,,,,,,,,,,,
,GO:0005966 cyclic-nucleotide phosphodiesterase complex,cyclic-nucleotide phosphodiesterase complex,,,Text,,,,,,,,,,,,,
, GO:0009390 dimethyl sulfoxide reductase complex, dimethyl sulfoxide reductase complex,,,Text,,,,,,,,,,,,,
, GO:0012505 endomembrane system, endomembrane system,,,Text,,,,,,,,,,,,,
,GO:0031975 envelope, envelope,,,Text,,,,,,,,,,,,,
,GO:0030312 external encapsulating structure, external encapsulating structure,,,Text,,,,,,,,,,,,,
, GO:0044462 external encapsulating structure part, external encapsulating structure part,,,Text,,,,,,,,,,,,,
,GO:0009326 formate dehydrogenase complex, formate dehydrogenase complex,,,Text,,,,,,,,,,,,,
,GO:0032179 germ tube, germ tube,,,Text,,,,,,,,,,,,,
, GO:0070258 inner membrane complex, inner membrane complex,,,Text,,,,,,,,,,,,,
, GO:0005622 intracellular,intracellular,,,Text,,,,,,,,,,,,,
, GO:0042763 intracellular immature spore, intracellular immature spore,,,Text,,,,,,,,,,,,,
, GO:0044424 intracellular part,intracellular part,,,Text,,,,,,,,,,,,,
,GO:0043219 lateral loop, lateral loop,,,Text,,,,,,,,,,,,,
, GO:0031255 lateral part of motile cell, lateral part of motile cell,,,Text,,,,,,,,,,,,,
,GO:0009930 longitudinal side of cell surface, longitudinal side of cell surface,,,Text,,,,,,,,,,,,,
, GO:0016020 membrane, membrane,,,Text,,,,,,,,,,,,,
, GO:0044425 membrane part, membrane part,,,Text,,,,,,,,,,,,,
, GO:0015050 methane monooxygenase complex, methane monooxygenase complex,,,Text,,,,,,,,,,,,,
, GO:0030496 midbody, midbody,,,Text,,,,,,,,,,,,,
, GO:0019008 molybdopterin synthase complex, molybdopterin synthase complex,,,Text,,,,,,,,,,,,,
, GO:0043209 myelin sheath, myelin sheath,,,Text,,,,,,,,,,,,,
, GO:0035748 myelin sheath abaxonal region, myelin sheath abaxonal region,,,Text,,,,,,,,,,,,,
, GO:0035749 myelin sheath adaxonal region, myelin sheath adaxonal region,,,Text,,,,,,,,,,,,,
, GO:0032766 NHE3/E3KARP/ACTN4 complex, NHE3/E3KARP/ACTN4 complex,,,Text,,,,,,,,,,,,,
, GO:0009325 nitrate reductase complex, nitrate reductase complex,,,Text,,,,,,,,,,,,,
, GO:0009344 nitrite reductase complex [NAD(P)H],nitrite reductase complex [NAD(P)H],,,Text,,,,,,,,,,,,,
,GO:0020039 pellicle, pellicle,,,Text,,,,,,,,,,,,,
, GO:0043204 perikaryon, perikaryon,,,Text,,,,,,,,,,,,,
,GO:0042597 periplasmic space, periplasmic space,,,Text,,,,,,,,,,,,,
,GO:0001917 photoreceptor inner segment, photoreceptor inner segment,,,Text,,,,,,,,,,,,,
,GO:0020031 polar ring of apical complex, polar ring of apical complex,,,Text,,,,,,,,,,,,,
, GO:0044099 polar tube,polar tube,,,Text,,,,,,,,,,,,,
,GO:0009358 polyphosphate kinase complex, polyphosphate kinase complex,,,Text,,,,,,,,,,,,,
,GO:0008287 protein serine/threonine phosphatase complex, protein serine/threonine phosphatase complex,,,Text,,,,,,,,,,,,,
,GO:0020008 rhoptry, rhoptry,,,Text,,,,,,,,,,,,,
, GO:0034591 rhoptry lumen, rhoptry lumen,,,Text,,,,,,,,,,,,,
,GO:0009349 riboflavin synthase complex, riboflavin synthase complex,,,Text,,,,,,,,,,,,,
,GO:0043220 Schmidt-Lanterman incisure, Schmidt-Lanterman incisure,,,Text,,,,,,,,,,,,,
,GO:0030427 site of polarized growth, site of polarized growth,,,Text,,,,,,,,,,,,,
, GO:0070864 sperm individualization complex, sperm individualization complex,,,Text,,,,,,,,,,,,,
,GO:0031521 spitzenkorper, spitzenkorper,,,Text,,,,,,,,,,,,,
, GO:0002142 stereocilia ankle link complex, stereocilia ankle link complex,,,Text,,,,,,,,,,,,,
, GO:0002139 stereocilia coupling link, stereocilia coupling link,,,Text,,,,,,,,,,,,,
,GO:0031254 trailing edge, trailing edge,,,Text,,,,,,,,,,,,,
,GO:0009322 trimethylamine-N-oxide reductase complex,trimethylamine-N-oxide reductase complex,,,Text,,,,,,,,,,,,,
,GO:0031317 tripartite ATP-independent periplasmic transporter complex, tripartite ATP-independent periplasmic transporter complex,,,Text,,,,,,,,,,,,,
, GO:0030256 type I protein secretion system complex, type I protein secretion system complex,,,Text,,,,,,,,,,,,,
, GO:0015627 type II protein secretion system complex, type II protein secretion system complex,,,Text,,,,,,,,,,,,,
,GO:0030257 type III protein secretion system complex, type III protein secretion system complex,,,Text,,,,,,,,,,,,,
,GO:0043684 type IV secretion system complex,type IV secretion system complex,,,Text,,,,,,,,,,,,,
,GO:0033104 type VI protein secretion system complex,type VI protein secretion system complex,,,Text,,,,,,,,,,,,,
,GO:0048046 apoplast,apoplast,,,Text,,,,,,,,,,,,,
, GO:0044421 extracellular region part, extracellular region part,,,Text,,,,,,,,,,,,,
, GO:0048180 activin complex, activin complex,,,Text,,,,,,,,,,,,,
,GO:0032311 angiogenin-PRI complex, angiogenin-PRI complex,,,Text,,,,,,,,,,,,,
,GO:0072324 ascus epiplasm,ascus epiplasm,,,Text,,,,,,,,,,,,,
, GO:0072562 blood microparticle,blood microparticle,,,Text,,,,,,,,,,,,,
, GO:0031395 bursicon neuropeptide hormone complex, bursicon neuropeptide hormone complex,,,Text,,,,,,,,,,,,,
,GO:0005601 classical-complement-pathway C3/C5 convertase complex, classical-complement-pathway C3/C5 convertase complex,,,Text,,,,,,,,,,,,,
, GO:0097059 CNTFR-CLCF1 complex, CNTFR-CLCF1 complex,,,Text,,,,,,,,,,,,,
, GO:0005602 complement component C1 complex, complement component C1 complex,,,Text,,,,,,,,,,,,,
,GO:0097058 CRLF-CLCF1 complex, CRLF-CLCF1 complex,,,Text,,,,,,,,,,,,,
, GO:0085040 extra-invasive hyphal space, extra-invasive hyphal space,,,Text,,,,,,,,,,,,,
,GO:0070289 extracellular ferritin complex,extracellular ferritin complex,,,Text,,,,,,,,,,,,,
,GO:0010367 extracellular isoamylase complex, extracellular isoamylase complex,,,Text,,,,,,,,,,,,,
,GO:0031012 extracellular matrix,extracellular matrix,,,Text,,,,,,,,,,,,,
, GO:0044420 extracellular matrix part, extracellular matrix part,,,Text,,,,,,,,,,,,,
,GO:0043230 extracellular organelle, extracellular organelle,,,Text,,,,,,,,,,,,,
,GO:0005615 extracellular space, extracellular space,,,Text,,,,,,,,,,,,,
,GO:0043655 extracellular space of host, extracellular space of host,,,Text,,,,,,,,,,,,,
, GO:0085036 extrahaustorial matrix, extrahaustorial matrix,,,Text,,,,,,,,,,,,,
,GO:0043245 extraorganismal space, extraorganismal space,,,Text,,,,,,,,,,,,,
,GO:0035183 female germline ring canal inner rim, female germline ring canal inner rim,,,Text,,,,,,,,,,,,,
, GO:0035182 female germline ring canal outer rim, female germline ring canal outer rim,,,Text,,,,,,,,,,,,,
,GO:0005577 fibrinogen complex, fibrinogen complex,,,Text,,,,,,,,,,,,,
, GO:0016914 follicle-stimulating hormone complex,follicle-stimulating hormone complex,,,Text,,,,,,,,,,,,,
," GO:0042571 immunoglobulin complex, circulating"," immunoglobulin complex, circulating",,,Text,,,,,,,,,,,,,
,GO:0043511 inhibin complex, inhibin complex,,,Text,,,,,,,,,,,,,
, GO:0016942 insulin-like growth factor binding protein complex, insulin-like growth factor binding protein complex,,,Text,,,,,,,,,,,,,
, GO:0045171 intercellular bridge, intercellular bridge,,,Text,,,,,,,,,,,,,
,GO:0043514 interleukin-12 complex, interleukin-12 complex,,,Text,,,,,,,,,,,,,
, GO:0070743 interleukin-23 complex, interleukin-23 complex,,,Text,,,,,,,,,,,,,
,GO:0070744 interleukin-27 complex, interleukin-27 complex,,,Text,,,,,,,,,,,,,
, GO:0070745 interleukin-35 complex, interleukin-35 complex,,,Text,,,,,,,,,,,,,
,GO:0005616 larval serum protein complex, larval serum protein complex,,,Text,,,,,,,,,,,,,
,GO:0009519 middle lamella, middle lamella,,,Text,,,,,,,,,,,,,
, GO:0070701 mucus layer, mucus layer,,,Text,,,,,,,,,,,,,
, GO:0044217 other organism part, other organism part,,,Text,,,,,,,,,,,,,
,GO:0034358 plasma lipoprotein particle, plasma lipoprotein particle,,,Text,,,,,,,,,,,,,
,GO:0046536 dosage compensation complex,dosage compensation complex,,,Numerical,,,,,,,,,,,,,
,GO:0043234 protein complex,protein complex,,,Numerical,,,,,,,,,,,,,
,GO:0032992 protein-carbohydrate complex, protein-carbohydrate complex,,,Numerical,,,,,,,,,,,,,
, GO:0032993 protein-DNA complex, protein-DNA complex,,,Numerical,,,,,,,,,,,,,
,GO:0001114 protein-DNA-RNA complex, protein-DNA-RNA complex,,,Numerical,,,,,,,,,,,,,
, GO:0032994 protein-lipid complex, protein-lipid complex,,,Numerical,,,,,,,,,,,,,
, GO:0030529 ribonucleoprotein complex,ribonucleoprotein complex,,,Numerical,,,,,,,,,,,,,
, GO:0070864 sperm individualization complex, sperm individualization complex,,,Numerical,,,,,,,,,,,,,
, GO:0035003 subapical complex, subapical complex,,,Numerical,,,,,,,,,,,,,
,GO:0031970 organelle envelope lumen,organelle envelope lumen,,,Text,,,,,,,,,,,,,
,GO:0043233 organelle lumen, organelle lumen,,,Text,,,,,,,,,,,,,
, GO:0043230 extracellular organelle,extracellular organelle,,,Text,,,,,,,,,,,,,
,GO:0043229 intracellular organelle,intracellular organelle,,,Text,,,,,,,,,,,,,
,GO:0043227 membrane-bounded organelle, membrane-bounded organelle,,,Text,,,,,,,,,,,,,
,GO:0043228 non-membrane-bounded organelle,non-membrane-bounded organelle,,,Text,,,,,,,,,,,,,
, GO:0044422 organelle part,organelle part,,,Text,,,,,,,,,,,,,
, GO:0031982 vesicle, vesicle,,,Text,,,,,,,,,,,,,
, GO:0005930 axoneme,axoneme,,,Text,,,,,,,,,,,,,
,GO:0044447 axoneme part,axoneme part,,,Text,,,,,,,,,,,,,
,GO:0044449 contractile fiber part,contractile fiber part,,,Text,,,,,,,,,,,,,
, GO:0044460 flagellum part, flagellum part,,,Text,,,,,,,,,,,,,
,GO:0044446 intracellular organelle part,intracellular organelle part,,,Text,,,,,,,,,,,,,
,GO:0060091 kinocilium,kinocilium,,,Text,,,,,,,,,,,,,
,GO:0000313 organellar ribosome, organellar ribosome,,,Text,,,,,,,,,,,,,
, GO:0043233 organelle lumen,organelle lumen,,,Text,,,,,,,,,,,,,
, GO:0031090 organelle membrane,organelle membrane,,,Text,,,,,,,,,,,,,
,GO:0044232 organelle membrane contact site,organelle membrane contact site,,,Text,,,,,,,,,,,,,
,GO:0030094 plasma membrane-derived photosystem I,plasma membrane-derived photosystem I,,,Text,,,,,,,,,,,,,
,GO:0031676 plasma membrane-derived thylakoid membrane, plasma membrane-derived thylakoid membrane,,,Text,,,,,,,,,,,,,
,GO:0030096 plasma membrane-derived thylakoid photosystem II,plasma membrane-derived thylakoid photosystem II,,,Text,,,,,,,,,,,,,
,GO:0048493 plasma membrane-derived thylakoid ribulose bisphosphate carboxylase complex, plasma membrane-derived thylakoid ribulose bisphosphate carboxylase complex,,,Text,,,,,,,,,,,,,
, GO:0032420 stereocilium,stereocilium,,,Text,,,,,,,,,,,,,
,GO:0060171 stereocilium membrane, stereocilium membrane,,,Text,,,,,,,,,,,,,
, GO:0020004 symbiont-containing vacuolar space,symbiont-containing vacuolar space,,,Text,,,,,,,,,,,,,
, GO:0009506 plasmodesma,plasmodesma,,,Text,,,,,,,,,,,,,
,GO:0032279 asymmetric synapse, asymmetric synapse,,,Text,,,,,,,,,,,,,
,GO:0060076 excitatory synapse, excitatory synapse,,,Text,,,,,,,,,,,,,
,GO:0060077 inhibitory synapse,inhibitory synapse,,,Text,,,,,,,,,,,,,
,GO:0031594 neuromuscular junction,neuromuscular junction,,,Text,,,,,,,,,,,,,
,GO:0032280 symmetric synapse,symmetric synapse,,,Text,,,,,,,,,,,,,
, GO:0044456 synapse part, synapse part,,,Text,,,,,,,,,,,,,
, GO:0030129 clathrin coat of synaptic vesicle,clathrin coat of synaptic vesicle,,,Numerical,,,,,,,,,,,,,
,GO:0030285 integral to synaptic vesicle membrane,integral to synaptic vesicle membrane,,,Numerical,,,,,,,,,,,,,
, GO:0014069 postsynaptic density,postsynaptic density,,,Numerical,,,,,,,,,,,,,
,GO:0048786 presynaptic active zone,presynaptic active zone,,,Numerical,,,,,,,,,,,,,
,GO:0048788 presynaptic cytoskeletal matrix assembled at active zones,presynaptic cytoskeletal matrix assembled at active zones,,,Numerical,,,,,,,,,,,,,
,GO:0071212 subsynaptic reticulum, subsynaptic reticulum,,,Numerical,,,,,,,,,,,,,
,GO:0043083 synaptic cleft,synaptic cleft,,,Numerical,,,,,,,,,,,,,
, GO:0097060 synaptic membrane, synaptic membrane,,,Numerical,,,,,,,,,,,,,
,GO:0008021 synaptic vesicle, synaptic vesicle,,,Numerical,,,,,,,,,,,,,
,GO:0034592 synaptic vesicle lumen,synaptic vesicle lumen,,,Numerical,,,,,,,,,,,,,
, GO:0030672 synaptic vesicle membrane,synaptic vesicle membrane,,,Numerical,,,,,,,,,,,,,
, GO:0043195 terminal button, terminal button,,,Numerical,,,,,,,,,,,,,
, GO:0044423 virion part,virion part,,,Text,,,,,,,,,,,,,
, GO:0046727 capsomere, capsomere,,,Text,,,,,,,,,,,,,
,GO:0019028 viral capsid, viral capsid,,,Text,,,,,,,,,,,,,
, GO:0019031 viral envelope, viral envelope,,,Text,,,,,,,,,,,,,
,GO:0019015 viral genome, viral genome,,,Text,,,,,,,,,,,,,
, GO:0019013 viral nucleocapsid, viral nucleocapsid,,,Text,,,,,,,,,,,,,
,GO:0046798 viral portal complex, viral portal complex,,,Text,,,,,,,,,,,,,
, GO:0046729 viral procapsid, viral procapsid,,,Text,,,,,,,,,,,,,
,GO:0046806 viral scaffold, viral scaffold,,,Text,,,,,,,,,,,,,
,GO:0019033 viral tegument, viral tegument,,,Text,,,,,,,,,,,,,
,GO:0055036 virion membrane, virion membrane,,,Text,,,,,,,,,,,,,
 plant anatomical entity, PO:0025118 anther pore,anther pore,,,Text,,,,,,,,,,,,,
,PO:0025224 axil, axil,,,Text,,,,,,,,,,,,,
, PO:0025132 canal, canal,,,Text,,,,,,,,,,,,,
, PO:0025322 hydathode pore, hydathode pore,,,Text,,,,,,,,,,,,,
, PO:0025263 locule, locule,,,Text,,,,,,,,,,,,,
, PO:0020025 micropyle, micropyle,,,Text,,,,,,,,,,,,,
, PO:0006334 seed micropyle,seed micropyle,,,Text,,,,,,,,,,,,,
, PO:0030017 spore capsule mouth,spore capsule mouth,,,Text,,,,,,,,,,,,,
, PO:0008032 stomatal pore, stomatal pore,,,Text,,,,,,,,,,,,,
, PO:0020101 stomium, stomium,,,Text,,,,,,,,,,,,,
,PO:0025001 cardinal organ part, cardinal organ part,,,Text,,,,,,,,,,,,,
,PO:0025269 collective organ part structure, collective organ part structure,,,Text,,,,,,,,,,,,,
,PO:0025007 collective plant structure,collective plant structure,,,Text,,,,,,,,,,,,,
,PO:0025099 embryo plant structure, embryo plant structure,,,Text,,,,,,,,,,,,,
,PO:0000004 in vitro plant structure, in vitro plant structure,,,Text,,,,,,,,,,,,,
,PO:0009072 ovary, ovary,,,Text,,,,,,,,,,,,,
,PO:0009002 plant cell, plant cell,,,Text,,,,,,,,,,,,,
,PO:0009008 plant organ, plant organ,,,Text,,,,,,,,,,,,,
,PO:0009007 portion of plant tissue, portion of plant tissue,,,Text,,,,,,,,,,,,,
,PO:0030078 rhizoid, rhizoid,,,Text,,,,,,,,,,,,,
, PO:0000282 trichome,trichome,,,Text,,,,,,,,,,,,,
,PO:0000034 vascular system, vascular system,,,Text,,,,,,,,,,,,,
, PO:0000003 whole plant, whole plant,,,Text,,,,,,,,,,,,,
, PO:0000022 cuticle,cuticle,,,Text,,,,,,,,,,,,,
plant growth and development stage, PO:0007021 plant structure development stage, plant structure development stage,,,Text,,,,,,,,,,,,,
, PO:0007033 whole plant growth stage,whole plant growth stage,,,Text,,,,,,,,,,,,,
sequence_attribute,SO:0000733 feature_attribute,feature attribute,,,Text,,,,,,,,,,,,,
, SO:0000443 polymer_attribute,polymer attribute,,,Text,,,,,,,,,,,,,
, SO:0000735 sequence_location, sequence location,,,Text,,,,,,,,,,,,,
,SO:0001761 variant_quality,variant quality,,,Text,,,,,,,,,,,,,
sequence_variant, SO:0001536 functional_variant, functional variant,,,Text,,,,,,,,,,,,,
,SO:0001786 loss_of_heterozygosity, loss of heterozygosity,,,Text,,,,,,,,,,,,,
,SO:0001537 structural_variant,structural variant,,,Text,,,,,,,,,,,,,
sequence_feature,SO:0000699 junction, junction,,,Text,,,,,,,,,,,,,
,SO:0000001 region, region,,,Text,,,,,,,,,,,,,
,SO:0001059 sequence_alteration,sequence alteration,,,Text,,,,,,,,,,,,,
sequence_collection, SO:0001462 contig_collection,contig collection,,,Text,,,,,,,,,,,,,
, SO:0001026 genome, genome,,,Text,,,,,,,,,,,,,
, SO:0000741 kinetoplast, kinetoplast,,,Text,,,,,,,,,,,,,
,SO:0001501 peptide_collection, peptide collection,,,Text,,,,,,,,,,,,,
, SO:0001507 variant_collection,variant collection,,,Text,,,,,,,,,,,,,
